date,date_key,year,quarter,month,month_name,year_month,day,day_name,week_of_year,is_weekend
2016-09-04,20160904,2016,Q3,9,September,2016-09,4,Sunday,35,True
2016-09-05,20160905,2016,Q3,9,September,2016-09,5,Monday,36,False
2016-09-06,20160906,2016,Q3,9,September,2016-09,6,Tuesday,36,False
2016-09-07,20160907,2016,Q3,9,September,2016-09,7,Wednesday,36,False
2016-09-08,20160908,2016,Q3,9,September,2016-09,8,Thursday,36,False
2016-09-09,20160909,2016,Q3,9,September,2016-09,9,Friday,36,False
2016-09-10,20160910,2016,Q3,9,September,2016-09,10,Saturday,36,True
2016-09-11,20160911,2016,Q3,9,September,2016-09,11,Sunday,36,True
2016-09-12,20160912,2016,Q3,9,September,2016-09,12,Monday,37,False
2016-09-13,20160913,2016,Q3,9,September,2016-09,13,Tuesday,37,False
2016-09-14,20160914,2016,Q3,9,September,2016-09,14,Wednesday,37,False
2016-09-15,20160915,2016,Q3,9,September,2016-09,15,Thursday,37,False
2016-09-16,20160916,2016,Q3,9,September,2016-09,16,Friday,37,False
2016-09-17,20160917,2016,Q3,9,September,2016-09,17,Saturday,37,True
2016-09-18,20160918,2016,Q3,9,September,2016-09,18,Sunday,37,True
2016-09-19,20160919,2016,Q3,9,September,2016-09,19,Monday,38,False
2016-09-20,20160920,2016,Q3,9,September,2016-09,20,Tuesday,38,False
2016-09-21,20160921,2016,Q3,9,September,2016-09,21,Wednesday,38,False
2016-09-22,20160922,2016,Q3,9,September,2016-09,22,Thursday,38,False
2016-09-23,20160923,2016,Q3,9,September,2016-09,23,Friday,38,False
2016-09-24,20160924,2016,Q3,9,September,2016-09,24,Saturday,38,True
2016-09-25,20160925,2016,Q3,9,September,2016-09,25,Sunday,38,True
2016-09-26,20160926,2016,Q3,9,September,2016-09,26,Monday,39,False
2016-09-27,20160927,2016,Q3,9,September,2016-09,27,Tuesday,39,False
2016-09-28,20160928,2016,Q3,9,September,2016-09,28,Wednesday,39,False
2016-09-29,20160929,2016,Q3,9,September,2016-09,29,Thursday,39,False
2016-09-30,20160930,2016,Q3,9,September,2016-09,30,Friday,39,False
2016-10-01,20161001,2016,Q4,10,October,2016-10,1,Saturday,39,True
2016-10-02,20161002,2016,Q4,10,October,2016-10,2,Sunday,39,True
2016-10-03,20161003,2016,Q4,10,October,2016-10,3,Monday,40,False
2016-10-04,20161004,2016,Q4,10,October,2016-10,4,Tuesday,40,False
2016-10-05,20161005,2016,Q4,10,October,2016-10,5,Wednesday,40,False
2016-10-06,20161006,2016,Q4,10,October,2016-10,6,Thursday,40,False
2016-10-07,20161007,2016,Q4,10,October,2016-10,7,Friday,40,False
2016-10-08,20161008,2016,Q4,10,October,2016-10,8,Saturday,40,True
2016-10-09,20161009,2016,Q4,10,October,2016-10,9,Sunday,40,True
2016-10-10,20161010,2016,Q4,10,October,2016-10,10,Monday,41,False
2016-10-11,20161011,2016,Q4,10,October,2016-10,11,Tuesday,41,False
2016-10-12,20161012,2016,Q4,10,October,2016-10,12,Wednesday,41,False
2016-10-13,20161013,2016,Q4,10,October,2016-10,13,Thursday,41,False
2016-10-14,20161014,2016,Q4,10,October,2016-10,14,Friday,41,False
2016-10-15,20161015,2016,Q4,10,October,2016-10,15,Saturday,41,True
2016-10-16,20161016,2016,Q4,10,October,2016-10,16,Sunday,41,True
2016-10-17,20161017,2016,Q4,10,October,2016-10,17,Monday,42,False
2016-10-18,20161018,2016,Q4,10,October,2016-10,18,Tuesday,42,False
2016-10-19,20161019,2016,Q4,10,October,2016-10,19,Wednesday,42,False
2016-10-20,20161020,2016,Q4,10,October,2016-10,20,Thursday,42,False
2016-10-21,20161021,2016,Q4,10,October,2016-10,21,Friday,42,False
2016-10-22,20161022,2016,Q4,10,October,2016-10,22,Saturday,42,True
2016-10-23,20161023,2016,Q4,10,October,2016-10,23,Sunday,42,True
2016-10-24,20161024,2016,Q4,10,October,2016-10,24,Monday,43,False
2016-10-25,20161025,2016,Q4,10,October,2016-10,25,Tuesday,43,False
2016-10-26,20161026,2016,Q4,10,October,2016-10,26,Wednesday,43,False
2016-10-27,20161027,2016,Q4,10,October,2016-10,27,Thursday,43,False
2016-10-28,20161028,2016,Q4,10,October,2016-10,28,Friday,43,False
2016-10-29,20161029,2016,Q4,10,October,2016-10,29,Saturday,43,True
2016-10-30,20161030,2016,Q4,10,October,2016-10,30,Sunday,43,True
2016-10-31,20161031,2016,Q4,10,October,2016-10,31,Monday,44,False
2016-11-01,20161101,2016,Q4,11,November,2016-11,1,Tuesday,44,False
2016-11-02,20161102,2016,Q4,11,November,2016-11,2,Wednesday,44,False
2016-11-03,20161103,2016,Q4,11,November,2016-11,3,Thursday,44,False
2016-11-04,20161104,2016,Q4,11,November,2016-11,4,Friday,44,False
2016-11-05,20161105,2016,Q4,11,November,2016-11,5,Saturday,44,True
2016-11-06,20161106,2016,Q4,11,November,2016-11,6,Sunday,44,True
2016-11-07,20161107,2016,Q4,11,November,2016-11,7,Monday,45,False
2016-11-08,20161108,2016,Q4,11,November,2016-11,8,Tuesday,45,False
2016-11-09,20161109,2016,Q4,11,November,2016-11,9,Wednesday,45,False
2016-11-10,20161110,2016,Q4,11,November,2016-11,10,Thursday,45,False
2016-11-11,20161111,2016,Q4,11,November,2016-11,11,Friday,45,False
2016-11-12,20161112,2016,Q4,11,November,2016-11,12,Saturday,45,True
2016-11-13,20161113,2016,Q4,11,November,2016-11,13,Sunday,45,True
2016-11-14,20161114,2016,Q4,11,November,2016-11,14,Monday,46,False
2016-11-15,20161115,2016,Q4,11,November,2016-11,15,Tuesday,46,False
2016-11-16,20161116,2016,Q4,11,November,2016-11,16,Wednesday,46,False
2016-11-17,20161117,2016,Q4,11,November,2016-11,17,Thursday,46,False
2016-11-18,20161118,2016,Q4,11,November,2016-11,18,Friday,46,False
2016-11-19,20161119,2016,Q4,11,November,2016-11,19,Saturday,46,True
2016-11-20,20161120,2016,Q4,11,November,2016-11,20,Sunday,46,True
2016-11-21,20161121,2016,Q4,11,November,2016-11,21,Monday,47,False
2016-11-22,20161122,2016,Q4,11,November,2016-11,22,Tuesday,47,False
2016-11-23,20161123,2016,Q4,11,November,2016-11,23,Wednesday,47,False
2016-11-24,20161124,2016,Q4,11,November,2016-11,24,Thursday,47,False
2016-11-25,20161125,2016,Q4,11,November,2016-11,25,Friday,47,False
2016-11-26,20161126,2016,Q4,11,November,2016-11,26,Saturday,47,True
2016-11-27,20161127,2016,Q4,11,November,2016-11,27,Sunday,47,True
2016-11-28,20161128,2016,Q4,11,November,2016-11,28,Monday,48,False
2016-11-29,20161129,2016,Q4,11,November,2016-11,29,Tuesday,48,False
2016-11-30,20161130,2016,Q4,11,November,2016-11,30,Wednesday,48,False
2016-12-01,20161201,2016,Q4,12,December,2016-12,1,Thursday,48,False
2016-12-02,20161202,2016,Q4,12,December,2016-12,2,Friday,48,False
2016-12-03,20161203,2016,Q4,12,December,2016-12,3,Saturday,48,True
2016-12-04,20161204,2016,Q4,12,December,2016-12,4,Sunday,48,True
2016-12-05,20161205,2016,Q4,12,December,2016-12,5,Monday,49,False
2016-12-06,20161206,2016,Q4,12,December,2016-12,6,Tuesday,49,False
2016-12-07,20161207,2016,Q4,12,December,2016-12,7,Wednesday,49,False
2016-12-08,20161208,2016,Q4,12,December,2016-12,8,Thursday,49,False
2016-12-09,20161209,2016,Q4,12,December,2016-12,9,Friday,49,False
2016-12-10,20161210,2016,Q4,12,December,2016-12,10,Saturday,49,True
2016-12-11,20161211,2016,Q4,12,December,2016-12,11,Sunday,49,True
2016-12-12,20161212,2016,Q4,12,December,2016-12,12,Monday,50,False
2016-12-13,20161213,2016,Q4,12,December,2016-12,13,Tuesday,50,False
2016-12-14,20161214,2016,Q4,12,December,2016-12,14,Wednesday,50,False
2016-12-15,20161215,2016,Q4,12,December,2016-12,15,Thursday,50,False
2016-12-16,20161216,2016,Q4,12,December,2016-12,16,Friday,50,False
2016-12-17,20161217,2016,Q4,12,December,2016-12,17,Saturday,50,True
2016-12-18,20161218,2016,Q4,12,December,2016-12,18,Sunday,50,True
2016-12-19,20161219,2016,Q4,12,December,2016-12,19,Monday,51,False
2016-12-20,20161220,2016,Q4,12,December,2016-12,20,Tuesday,51,False
2016-12-21,20161221,2016,Q4,12,December,2016-12,21,Wednesday,51,False
2016-12-22,20161222,2016,Q4,12,December,2016-12,22,Thursday,51,False
2016-12-23,20161223,2016,Q4,12,December,2016-12,23,Friday,51,False
2016-12-24,20161224,2016,Q4,12,December,2016-12,24,Saturday,51,True
2016-12-25,20161225,2016,Q4,12,December,2016-12,25,Sunday,51,True
2016-12-26,20161226,2016,Q4,12,December,2016-12,26,Monday,52,False
2016-12-27,20161227,2016,Q4,12,December,2016-12,27,Tuesday,52,False
2016-12-28,20161228,2016,Q4,12,December,2016-12,28,Wednesday,52,False
2016-12-29,20161229,2016,Q4,12,December,2016-12,29,Thursday,52,False
2016-12-30,20161230,2016,Q4,12,December,2016-12,30,Friday,52,False
2016-12-31,20161231,2016,Q4,12,December,2016-12,31,Saturday,52,True
2017-01-01,20170101,2017,Q1,1,January,2017-01,1,Sunday,52,True
2017-01-02,20170102,2017,Q1,1,January,2017-01,2,Monday,1,False
2017-01-03,20170103,2017,Q1,1,January,2017-01,3,Tuesday,1,False
2017-01-04,20170104,2017,Q1,1,January,2017-01,4,Wednesday,1,False
2017-01-05,20170105,2017,Q1,1,January,2017-01,5,Thursday,1,False
2017-01-06,20170106,2017,Q1,1,January,2017-01,6,Friday,1,False
2017-01-07,20170107,2017,Q1,1,January,2017-01,7,Saturday,1,True
2017-01-08,20170108,2017,Q1,1,January,2017-01,8,Sunday,1,True
2017-01-09,20170109,2017,Q1,1,January,2017-01,9,Monday,2,False
2017-01-10,20170110,2017,Q1,1,January,2017-01,10,Tuesday,2,False
2017-01-11,20170111,2017,Q1,1,January,2017-01,11,Wednesday,2,False
2017-01-12,20170112,2017,Q1,1,January,2017-01,12,Thursday,2,False
2017-01-13,20170113,2017,Q1,1,January,2017-01,13,Friday,2,False
2017-01-14,20170114,2017,Q1,1,January,2017-01,14,Saturday,2,True
2017-01-15,20170115,2017,Q1,1,January,2017-01,15,Sunday,2,True
2017-01-16,20170116,2017,Q1,1,January,2017-01,16,Monday,3,False
2017-01-17,20170117,2017,Q1,1,January,2017-01,17,Tuesday,3,False
2017-01-18,20170118,2017,Q1,1,January,2017-01,18,Wednesday,3,False
2017-01-19,20170119,2017,Q1,1,January,2017-01,19,Thursday,3,False
2017-01-20,20170120,2017,Q1,1,January,2017-01,20,Friday,3,False
2017-01-21,20170121,2017,Q1,1,January,2017-01,21,Saturday,3,True
2017-01-22,20170122,2017,Q1,1,January,2017-01,22,Sunday,3,True
2017-01-23,20170123,2017,Q1,1,January,2017-01,23,Monday,4,False
2017-01-24,20170124,2017,Q1,1,January,2017-01,24,Tuesday,4,False
2017-01-25,20170125,2017,Q1,1,January,2017-01,25,Wednesday,4,False
2017-01-26,20170126,2017,Q1,1,January,2017-01,26,Thursday,4,False
2017-01-27,20170127,2017,Q1,1,January,2017-01,27,Friday,4,False
2017-01-28,20170128,2017,Q1,1,January,2017-01,28,Saturday,4,True
2017-01-29,20170129,2017,Q1,1,January,2017-01,29,Sunday,4,True
2017-01-30,20170130,2017,Q1,1,January,2017-01,30,Monday,5,False
2017-01-31,20170131,2017,Q1,1,January,2017-01,31,Tuesday,5,False
2017-02-01,20170201,2017,Q1,2,February,2017-02,1,Wednesday,5,False
2017-02-02,20170202,2017,Q1,2,February,2017-02,2,Thursday,5,False
2017-02-03,20170203,2017,Q1,2,February,2017-02,3,Friday,5,False
2017-02-04,20170204,2017,Q1,2,February,2017-02,4,Saturday,5,True
2017-02-05,20170205,2017,Q1,2,February,2017-02,5,Sunday,5,True
2017-02-06,20170206,2017,Q1,2,February,2017-02,6,Monday,6,False
2017-02-07,20170207,2017,Q1,2,February,2017-02,7,Tuesday,6,False
2017-02-08,20170208,2017,Q1,2,February,2017-02,8,Wednesday,6,False
2017-02-09,20170209,2017,Q1,2,February,2017-02,9,Thursday,6,False
2017-02-10,20170210,2017,Q1,2,February,2017-02,10,Friday,6,False
2017-02-11,20170211,2017,Q1,2,February,2017-02,11,Saturday,6,True
2017-02-12,20170212,2017,Q1,2,February,2017-02,12,Sunday,6,True
2017-02-13,20170213,2017,Q1,2,February,2017-02,13,Monday,7,False
2017-02-14,20170214,2017,Q1,2,February,2017-02,14,Tuesday,7,False
2017-02-15,20170215,2017,Q1,2,February,2017-02,15,Wednesday,7,False
2017-02-16,20170216,2017,Q1,2,February,2017-02,16,Thursday,7,False
2017-02-17,20170217,2017,Q1,2,February,2017-02,17,Friday,7,False
2017-02-18,20170218,2017,Q1,2,February,2017-02,18,Saturday,7,True
2017-02-19,20170219,2017,Q1,2,February,2017-02,19,Sunday,7,True
2017-02-20,20170220,2017,Q1,2,February,2017-02,20,Monday,8,False
2017-02-21,20170221,2017,Q1,2,February,2017-02,21,Tuesday,8,False
2017-02-22,20170222,2017,Q1,2,February,2017-02,22,Wednesday,8,False
2017-02-23,20170223,2017,Q1,2,February,2017-02,23,Thursday,8,False
2017-02-24,20170224,2017,Q1,2,February,2017-02,24,Friday,8,False
2017-02-25,20170225,2017,Q1,2,February,2017-02,25,Saturday,8,True
2017-02-26,20170226,2017,Q1,2,February,2017-02,26,Sunday,8,True
2017-02-27,20170227,2017,Q1,2,February,2017-02,27,Monday,9,False
2017-02-28,20170228,2017,Q1,2,February,2017-02,28,Tuesday,9,False
2017-03-01,20170301,2017,Q1,3,March,2017-03,1,Wednesday,9,False
2017-03-02,20170302,2017,Q1,3,March,2017-03,2,Thursday,9,False
2017-03-03,20170303,2017,Q1,3,March,2017-03,3,Friday,9,False
2017-03-04,20170304,2017,Q1,3,March,2017-03,4,Saturday,9,True
2017-03-05,20170305,2017,Q1,3,March,2017-03,5,Sunday,9,True
2017-03-06,20170306,2017,Q1,3,March,2017-03,6,Monday,10,False
2017-03-07,20170307,2017,Q1,3,March,2017-03,7,Tuesday,10,False
2017-03-08,20170308,2017,Q1,3,March,2017-03,8,Wednesday,10,False
2017-03-09,20170309,2017,Q1,3,March,2017-03,9,Thursday,10,False
2017-03-10,20170310,2017,Q1,3,March,2017-03,10,Friday,10,False
2017-03-11,20170311,2017,Q1,3,March,2017-03,11,Saturday,10,True
2017-03-12,20170312,2017,Q1,3,March,2017-03,12,Sunday,10,True
2017-03-13,20170313,2017,Q1,3,March,2017-03,13,Monday,11,False
2017-03-14,20170314,2017,Q1,3,March,2017-03,14,Tuesday,11,False
2017-03-15,20170315,2017,Q1,3,March,2017-03,15,Wednesday,11,False
2017-03-16,20170316,2017,Q1,3,March,2017-03,16,Thursday,11,False
2017-03-17,20170317,2017,Q1,3,March,2017-03,17,Friday,11,False
2017-03-18,20170318,2017,Q1,3,March,2017-03,18,Saturday,11,True
2017-03-19,20170319,2017,Q1,3,March,2017-03,19,Sunday,11,True
2017-03-20,20170320,2017,Q1,3,March,2017-03,20,Monday,12,False
2017-03-21,20170321,2017,Q1,3,March,2017-03,21,Tuesday,12,False
2017-03-22,20170322,2017,Q1,3,March,2017-03,22,Wednesday,12,False
2017-03-23,20170323,2017,Q1,3,March,2017-03,23,Thursday,12,False
2017-03-24,20170324,2017,Q1,3,March,2017-03,24,Friday,12,False
2017-03-25,20170325,2017,Q1,3,March,2017-03,25,Saturday,12,True
2017-03-26,20170326,2017,Q1,3,March,2017-03,26,Sunday,12,True
2017-03-27,20170327,2017,Q1,3,March,2017-03,27,Monday,13,False
2017-03-28,20170328,2017,Q1,3,March,2017-03,28,Tuesday,13,False
2017-03-29,20170329,2017,Q1,3,March,2017-03,29,Wednesday,13,False
2017-03-30,20170330,2017,Q1,3,March,2017-03,30,Thursday,13,False
2017-03-31,20170331,2017,Q1,3,March,2017-03,31,Friday,13,False
2017-04-01,20170401,2017,Q2,4,April,2017-04,1,Saturday,13,True
2017-04-02,20170402,2017,Q2,4,April,2017-04,2,Sunday,13,True
2017-04-03,20170403,2017,Q2,4,April,2017-04,3,Monday,14,False
2017-04-04,20170404,2017,Q2,4,April,2017-04,4,Tuesday,14,False
2017-04-05,20170405,2017,Q2,4,April,2017-04,5,Wednesday,14,False
2017-04-06,20170406,2017,Q2,4,April,2017-04,6,Thursday,14,False
2017-04-07,20170407,2017,Q2,4,April,2017-04,7,Friday,14,False
2017-04-08,20170408,2017,Q2,4,April,2017-04,8,Saturday,14,True
2017-04-09,20170409,2017,Q2,4,April,2017-04,9,Sunday,14,True
2017-04-10,20170410,2017,Q2,4,April,2017-04,10,Monday,15,False
2017-04-11,20170411,2017,Q2,4,April,2017-04,11,Tuesday,15,False
2017-04-12,20170412,2017,Q2,4,April,2017-04,12,Wednesday,15,False
2017-04-13,20170413,2017,Q2,4,April,2017-04,13,Thursday,15,False
2017-04-14,20170414,2017,Q2,4,April,2017-04,14,Friday,15,False
2017-04-15,20170415,2017,Q2,4,April,2017-04,15,Saturday,15,True
2017-04-16,20170416,2017,Q2,4,April,2017-04,16,Sunday,15,True
2017-04-17,20170417,2017,Q2,4,April,2017-04,17,Monday,16,False
2017-04-18,20170418,2017,Q2,4,April,2017-04,18,Tuesday,16,False
2017-04-19,20170419,2017,Q2,4,April,2017-04,19,Wednesday,16,False
2017-04-20,20170420,2017,Q2,4,April,2017-04,20,Thursday,16,False
2017-04-21,20170421,2017,Q2,4,April,2017-04,21,Friday,16,False
2017-04-22,20170422,2017,Q2,4,April,2017-04,22,Saturday,16,True
2017-04-23,20170423,2017,Q2,4,April,2017-04,23,Sunday,16,True
2017-04-24,20170424,2017,Q2,4,April,2017-04,24,Monday,17,False
2017-04-25,20170425,2017,Q2,4,April,2017-04,25,Tuesday,17,False
2017-04-26,20170426,2017,Q2,4,April,2017-04,26,Wednesday,17,False
2017-04-27,20170427,2017,Q2,4,April,2017-04,27,Thursday,17,False
2017-04-28,20170428,2017,Q2,4,April,2017-04,28,Friday,17,False
2017-04-29,20170429,2017,Q2,4,April,2017-04,29,Saturday,17,True
2017-04-30,20170430,2017,Q2,4,April,2017-04,30,Sunday,17,True
2017-05-01,20170501,2017,Q2,5,May,2017-05,1,Monday,18,False
2017-05-02,20170502,2017,Q2,5,May,2017-05,2,Tuesday,18,False
2017-05-03,20170503,2017,Q2,5,May,2017-05,3,Wednesday,18,False
2017-05-04,20170504,2017,Q2,5,May,2017-05,4,Thursday,18,False
2017-05-05,20170505,2017,Q2,5,May,2017-05,5,Friday,18,False
2017-05-06,20170506,2017,Q2,5,May,2017-05,6,Saturday,18,True
2017-05-07,20170507,2017,Q2,5,May,2017-05,7,Sunday,18,True
2017-05-08,20170508,2017,Q2,5,May,2017-05,8,Monday,19,False
2017-05-09,20170509,2017,Q2,5,May,2017-05,9,Tuesday,19,False
2017-05-10,20170510,2017,Q2,5,May,2017-05,10,Wednesday,19,False
2017-05-11,20170511,2017,Q2,5,May,2017-05,11,Thursday,19,False
2017-05-12,20170512,2017,Q2,5,May,2017-05,12,Friday,19,False
2017-05-13,20170513,2017,Q2,5,May,2017-05,13,Saturday,19,True
2017-05-14,20170514,2017,Q2,5,May,2017-05,14,Sunday,19,True
2017-05-15,20170515,2017,Q2,5,May,2017-05,15,Monday,20,False
2017-05-16,20170516,2017,Q2,5,May,2017-05,16,Tuesday,20,False
2017-05-17,20170517,2017,Q2,5,May,2017-05,17,Wednesday,20,False
2017-05-18,20170518,2017,Q2,5,May,2017-05,18,Thursday,20,False
2017-05-19,20170519,2017,Q2,5,May,2017-05,19,Friday,20,False
2017-05-20,20170520,2017,Q2,5,May,2017-05,20,Saturday,20,True
2017-05-21,20170521,2017,Q2,5,May,2017-05,21,Sunday,20,True
2017-05-22,20170522,2017,Q2,5,May,2017-05,22,Monday,21,False
2017-05-23,20170523,2017,Q2,5,May,2017-05,23,Tuesday,21,False
2017-05-24,20170524,2017,Q2,5,May,2017-05,24,Wednesday,21,False
2017-05-25,20170525,2017,Q2,5,May,2017-05,25,Thursday,21,False
2017-05-26,20170526,2017,Q2,5,May,2017-05,26,Friday,21,False
2017-05-27,20170527,2017,Q2,5,May,2017-05,27,Saturday,21,True
2017-05-28,20170528,2017,Q2,5,May,2017-05,28,Sunday,21,True
2017-05-29,20170529,2017,Q2,5,May,2017-05,29,Monday,22,False
2017-05-30,20170530,2017,Q2,5,May,2017-05,30,Tuesday,22,False
2017-05-31,20170531,2017,Q2,5,May,2017-05,31,Wednesday,22,False
2017-06-01,20170601,2017,Q2,6,June,2017-06,1,Thursday,22,False
2017-06-02,20170602,2017,Q2,6,June,2017-06,2,Friday,22,False
2017-06-03,20170603,2017,Q2,6,June,2017-06,3,Saturday,22,True
2017-06-04,20170604,2017,Q2,6,June,2017-06,4,Sunday,22,True
2017-06-05,20170605,2017,Q2,6,June,2017-06,5,Monday,23,False
2017-06-06,20170606,2017,Q2,6,June,2017-06,6,Tuesday,23,False
2017-06-07,20170607,2017,Q2,6,June,2017-06,7,Wednesday,23,False
2017-06-08,20170608,2017,Q2,6,June,2017-06,8,Thursday,23,False
2017-06-09,20170609,2017,Q2,6,June,2017-06,9,Friday,23,False
2017-06-10,20170610,2017,Q2,6,June,2017-06,10,Saturday,23,True
2017-06-11,20170611,2017,Q2,6,June,2017-06,11,Sunday,23,True
2017-06-12,20170612,2017,Q2,6,June,2017-06,12,Monday,24,False
2017-06-13,20170613,2017,Q2,6,June,2017-06,13,Tuesday,24,False
2017-06-14,20170614,2017,Q2,6,June,2017-06,14,Wednesday,24,False
2017-06-15,20170615,2017,Q2,6,June,2017-06,15,Thursday,24,False
2017-06-16,20170616,2017,Q2,6,June,2017-06,16,Friday,24,False
2017-06-17,20170617,2017,Q2,6,June,2017-06,17,Saturday,24,True
2017-06-18,20170618,2017,Q2,6,June,2017-06,18,Sunday,24,True
2017-06-19,20170619,2017,Q2,6,June,2017-06,19,Monday,25,False
2017-06-20,20170620,2017,Q2,6,June,2017-06,20,Tuesday,25,False
2017-06-21,20170621,2017,Q2,6,June,2017-06,21,Wednesday,25,False
2017-06-22,20170622,2017,Q2,6,June,2017-06,22,Thursday,25,False
2017-06-23,20170623,2017,Q2,6,June,2017-06,23,Friday,25,False
2017-06-24,20170624,2017,Q2,6,June,2017-06,24,Saturday,25,True
2017-06-25,20170625,2017,Q2,6,June,2017-06,25,Sunday,25,True
2017-06-26,20170626,2017,Q2,6,June,2017-06,26,Monday,26,False
2017-06-27,20170627,2017,Q2,6,June,2017-06,27,Tuesday,26,False
2017-06-28,20170628,2017,Q2,6,June,2017-06,28,Wednesday,26,False
2017-06-29,20170629,2017,Q2,6,June,2017-06,29,Thursday,26,False
2017-06-30,20170630,2017,Q2,6,June,2017-06,30,Friday,26,False
2017-07-01,20170701,2017,Q3,7,July,2017-07,1,Saturday,26,True
2017-07-02,20170702,2017,Q3,7,July,2017-07,2,Sunday,26,True
2017-07-03,20170703,2017,Q3,7,July,2017-07,3,Monday,27,False
2017-07-04,20170704,2017,Q3,7,July,2017-07,4,Tuesday,27,False
2017-07-05,20170705,2017,Q3,7,July,2017-07,5,Wednesday,27,False
2017-07-06,20170706,2017,Q3,7,July,2017-07,6,Thursday,27,False
2017-07-07,20170707,2017,Q3,7,July,2017-07,7,Friday,27,False
2017-07-08,20170708,2017,Q3,7,July,2017-07,8,Saturday,27,True
2017-07-09,20170709,2017,Q3,7,July,2017-07,9,Sunday,27,True
2017-07-10,20170710,2017,Q3,7,July,2017-07,10,Monday,28,False
2017-07-11,20170711,2017,Q3,7,July,2017-07,11,Tuesday,28,False
2017-07-12,20170712,2017,Q3,7,July,2017-07,12,Wednesday,28,False
2017-07-13,20170713,2017,Q3,7,July,2017-07,13,Thursday,28,False
2017-07-14,20170714,2017,Q3,7,July,2017-07,14,Friday,28,False
2017-07-15,20170715,2017,Q3,7,July,2017-07,15,Saturday,28,True
2017-07-16,20170716,2017,Q3,7,July,2017-07,16,Sunday,28,True
2017-07-17,20170717,2017,Q3,7,July,2017-07,17,Monday,29,False
2017-07-18,20170718,2017,Q3,7,July,2017-07,18,Tuesday,29,False
2017-07-19,20170719,2017,Q3,7,July,2017-07,19,Wednesday,29,False
2017-07-20,20170720,2017,Q3,7,July,2017-07,20,Thursday,29,False
2017-07-21,20170721,2017,Q3,7,July,2017-07,21,Friday,29,False
2017-07-22,20170722,2017,Q3,7,July,2017-07,22,Saturday,29,True
2017-07-23,20170723,2017,Q3,7,July,2017-07,23,Sunday,29,True
2017-07-24,20170724,2017,Q3,7,July,2017-07,24,Monday,30,False
2017-07-25,20170725,2017,Q3,7,July,2017-07,25,Tuesday,30,False
2017-07-26,20170726,2017,Q3,7,July,2017-07,26,Wednesday,30,False
2017-07-27,20170727,2017,Q3,7,July,2017-07,27,Thursday,30,False
2017-07-28,20170728,2017,Q3,7,July,2017-07,28,Friday,30,False
2017-07-29,20170729,2017,Q3,7,July,2017-07,29,Saturday,30,True
2017-07-30,20170730,2017,Q3,7,July,2017-07,30,Sunday,30,True
2017-07-31,20170731,2017,Q3,7,July,2017-07,31,Monday,31,False
2017-08-01,20170801,2017,Q3,8,August,2017-08,1,Tuesday,31,False
2017-08-02,20170802,2017,Q3,8,August,2017-08,2,Wednesday,31,False
2017-08-03,20170803,2017,Q3,8,August,2017-08,3,Thursday,31,False
2017-08-04,20170804,2017,Q3,8,August,2017-08,4,Friday,31,False
2017-08-05,20170805,2017,Q3,8,August,2017-08,5,Saturday,31,True
2017-08-06,20170806,2017,Q3,8,August,2017-08,6,Sunday,31,True
2017-08-07,20170807,2017,Q3,8,August,2017-08,7,Monday,32,False
2017-08-08,20170808,2017,Q3,8,August,2017-08,8,Tuesday,32,False
2017-08-09,20170809,2017,Q3,8,August,2017-08,9,Wednesday,32,False
2017-08-10,20170810,2017,Q3,8,August,2017-08,10,Thursday,32,False
2017-08-11,20170811,2017,Q3,8,August,2017-08,11,Friday,32,False
2017-08-12,20170812,2017,Q3,8,August,2017-08,12,Saturday,32,True
2017-08-13,20170813,2017,Q3,8,August,2017-08,13,Sunday,32,True
2017-08-14,20170814,2017,Q3,8,August,2017-08,14,Monday,33,False
2017-08-15,20170815,2017,Q3,8,August,2017-08,15,Tuesday,33,False
2017-08-16,20170816,2017,Q3,8,August,2017-08,16,Wednesday,33,False
2017-08-17,20170817,2017,Q3,8,August,2017-08,17,Thursday,33,False
2017-08-18,20170818,2017,Q3,8,August,2017-08,18,Friday,33,False
2017-08-19,20170819,2017,Q3,8,August,2017-08,19,Saturday,33,True
2017-08-20,20170820,2017,Q3,8,August,2017-08,20,Sunday,33,True
2017-08-21,20170821,2017,Q3,8,August,2017-08,21,Monday,34,False
2017-08-22,20170822,2017,Q3,8,August,2017-08,22,Tuesday,34,False
2017-08-23,20170823,2017,Q3,8,August,2017-08,23,Wednesday,34,False
2017-08-24,20170824,2017,Q3,8,August,2017-08,24,Thursday,34,False
2017-08-25,20170825,2017,Q3,8,August,2017-08,25,Friday,34,False
2017-08-26,20170826,2017,Q3,8,August,2017-08,26,Saturday,34,True
2017-08-27,20170827,2017,Q3,8,August,2017-08,27,Sunday,34,True
2017-08-28,20170828,2017,Q3,8,August,2017-08,28,Monday,35,False
2017-08-29,20170829,2017,Q3,8,August,2017-08,29,Tuesday,35,False
2017-08-30,20170830,2017,Q3,8,August,2017-08,30,Wednesday,35,False
2017-08-31,20170831,2017,Q3,8,August,2017-08,31,Thursday,35,False
2017-09-01,20170901,2017,Q3,9,September,2017-09,1,Friday,35,False
2017-09-02,20170902,2017,Q3,9,September,2017-09,2,Saturday,35,True
2017-09-03,20170903,2017,Q3,9,September,2017-09,3,Sunday,35,True
2017-09-04,20170904,2017,Q3,9,September,2017-09,4,Monday,36,False
2017-09-05,20170905,2017,Q3,9,September,2017-09,5,Tuesday,36,False
2017-09-06,20170906,2017,Q3,9,September,2017-09,6,Wednesday,36,False
2017-09-07,20170907,2017,Q3,9,September,2017-09,7,Thursday,36,False
2017-09-08,20170908,2017,Q3,9,September,2017-09,8,Friday,36,False
2017-09-09,20170909,2017,Q3,9,September,2017-09,9,Saturday,36,True
2017-09-10,20170910,2017,Q3,9,September,2017-09,10,Sunday,36,True
2017-09-11,20170911,2017,Q3,9,September,2017-09,11,Monday,37,False
2017-09-12,20170912,2017,Q3,9,September,2017-09,12,Tuesday,37,False
2017-09-13,20170913,2017,Q3,9,September,2017-09,13,Wednesday,37,False
2017-09-14,20170914,2017,Q3,9,September,2017-09,14,Thursday,37,False
2017-09-15,20170915,2017,Q3,9,September,2017-09,15,Friday,37,False
2017-09-16,20170916,2017,Q3,9,September,2017-09,16,Saturday,37,True
2017-09-17,20170917,2017,Q3,9,September,2017-09,17,Sunday,37,True
2017-09-18,20170918,2017,Q3,9,September,2017-09,18,Monday,38,False
2017-09-19,20170919,2017,Q3,9,September,2017-09,19,Tuesday,38,False
2017-09-20,20170920,2017,Q3,9,September,2017-09,20,Wednesday,38,False
2017-09-21,20170921,2017,Q3,9,September,2017-09,21,Thursday,38,False
2017-09-22,20170922,2017,Q3,9,September,2017-09,22,Friday,38,False
2017-09-23,20170923,2017,Q3,9,September,2017-09,23,Saturday,38,True
2017-09-24,20170924,2017,Q3,9,September,2017-09,24,Sunday,38,True
2017-09-25,20170925,2017,Q3,9,September,2017-09,25,Monday,39,False
2017-09-26,20170926,2017,Q3,9,September,2017-09,26,Tuesday,39,False
2017-09-27,20170927,2017,Q3,9,September,2017-09,27,Wednesday,39,False
2017-09-28,20170928,2017,Q3,9,September,2017-09,28,Thursday,39,False
2017-09-29,20170929,2017,Q3,9,September,2017-09,29,Friday,39,False
2017-09-30,20170930,2017,Q3,9,September,2017-09,30,Saturday,39,True
2017-10-01,20171001,2017,Q4,10,October,2017-10,1,Sunday,39,True
2017-10-02,20171002,2017,Q4,10,October,2017-10,2,Monday,40,False
2017-10-03,20171003,2017,Q4,10,October,2017-10,3,Tuesday,40,False
2017-10-04,20171004,2017,Q4,10,October,2017-10,4,Wednesday,40,False
2017-10-05,20171005,2017,Q4,10,October,2017-10,5,Thursday,40,False
2017-10-06,20171006,2017,Q4,10,October,2017-10,6,Friday,40,False
2017-10-07,20171007,2017,Q4,10,October,2017-10,7,Saturday,40,True
2017-10-08,20171008,2017,Q4,10,October,2017-10,8,Sunday,40,True
2017-10-09,20171009,2017,Q4,10,October,2017-10,9,Monday,41,False
2017-10-10,20171010,2017,Q4,10,October,2017-10,10,Tuesday,41,False
2017-10-11,20171011,2017,Q4,10,October,2017-10,11,Wednesday,41,False
2017-10-12,20171012,2017,Q4,10,October,2017-10,12,Thursday,41,False
2017-10-13,20171013,2017,Q4,10,October,2017-10,13,Friday,41,False
2017-10-14,20171014,2017,Q4,10,October,2017-10,14,Saturday,41,True
2017-10-15,20171015,2017,Q4,10,October,2017-10,15,Sunday,41,True
2017-10-16,20171016,2017,Q4,10,October,2017-10,16,Monday,42,False
2017-10-17,20171017,2017,Q4,10,October,2017-10,17,Tuesday,42,False
2017-10-18,20171018,2017,Q4,10,October,2017-10,18,Wednesday,42,False
2017-10-19,20171019,2017,Q4,10,October,2017-10,19,Thursday,42,False
2017-10-20,20171020,2017,Q4,10,October,2017-10,20,Friday,42,False
2017-10-21,20171021,2017,Q4,10,October,2017-10,21,Saturday,42,True
2017-10-22,20171022,2017,Q4,10,October,2017-10,22,Sunday,42,True
2017-10-23,20171023,2017,Q4,10,October,2017-10,23,Monday,43,False
2017-10-24,20171024,2017,Q4,10,October,2017-10,24,Tuesday,43,False
2017-10-25,20171025,2017,Q4,10,October,2017-10,25,Wednesday,43,False
2017-10-26,20171026,2017,Q4,10,October,2017-10,26,Thursday,43,False
2017-10-27,20171027,2017,Q4,10,October,2017-10,27,Friday,43,False
2017-10-28,20171028,2017,Q4,10,October,2017-10,28,Saturday,43,True
2017-10-29,20171029,2017,Q4,10,October,2017-10,29,Sunday,43,True
2017-10-30,20171030,2017,Q4,10,October,2017-10,30,Monday,44,False
2017-10-31,20171031,2017,Q4,10,October,2017-10,31,Tuesday,44,False
2017-11-01,20171101,2017,Q4,11,November,2017-11,1,Wednesday,44,False
2017-11-02,20171102,2017,Q4,11,November,2017-11,2,Thursday,44,False
2017-11-03,20171103,2017,Q4,11,November,2017-11,3,Friday,44,False
2017-11-04,20171104,2017,Q4,11,November,2017-11,4,Saturday,44,True
2017-11-05,20171105,2017,Q4,11,November,2017-11,5,Sunday,44,True
2017-11-06,20171106,2017,Q4,11,November,2017-11,6,Monday,45,False
2017-11-07,20171107,2017,Q4,11,November,2017-11,7,Tuesday,45,False
2017-11-08,20171108,2017,Q4,11,November,2017-11,8,Wednesday,45,False
2017-11-09,20171109,2017,Q4,11,November,2017-11,9,Thursday,45,False
2017-11-10,20171110,2017,Q4,11,November,2017-11,10,Friday,45,False
2017-11-11,20171111,2017,Q4,11,November,2017-11,11,Saturday,45,True
2017-11-12,20171112,2017,Q4,11,November,2017-11,12,Sunday,45,True
2017-11-13,20171113,2017,Q4,11,November,2017-11,13,Monday,46,False
2017-11-14,20171114,2017,Q4,11,November,2017-11,14,Tuesday,46,False
2017-11-15,20171115,2017,Q4,11,November,2017-11,15,Wednesday,46,False
2017-11-16,20171116,2017,Q4,11,November,2017-11,16,Thursday,46,False
2017-11-17,20171117,2017,Q4,11,November,2017-11,17,Friday,46,False
2017-11-18,20171118,2017,Q4,11,November,2017-11,18,Saturday,46,True
2017-11-19,20171119,2017,Q4,11,November,2017-11,19,Sunday,46,True
2017-11-20,20171120,2017,Q4,11,November,2017-11,20,Monday,47,False
2017-11-21,20171121,2017,Q4,11,November,2017-11,21,Tuesday,47,False
2017-11-22,20171122,2017,Q4,11,November,2017-11,22,Wednesday,47,False
2017-11-23,20171123,2017,Q4,11,November,2017-11,23,Thursday,47,False
2017-11-24,20171124,2017,Q4,11,November,2017-11,24,Friday,47,False
2017-11-25,20171125,2017,Q4,11,November,2017-11,25,Saturday,47,True
2017-11-26,20171126,2017,Q4,11,November,2017-11,26,Sunday,47,True
2017-11-27,20171127,2017,Q4,11,November,2017-11,27,Monday,48,False
2017-11-28,20171128,2017,Q4,11,November,2017-11,28,Tuesday,48,False
2017-11-29,20171129,2017,Q4,11,November,2017-11,29,Wednesday,48,False
2017-11-30,20171130,2017,Q4,11,November,2017-11,30,Thursday,48,False
2017-12-01,20171201,2017,Q4,12,December,2017-12,1,Friday,48,False
2017-12-02,20171202,2017,Q4,12,December,2017-12,2,Saturday,48,True
2017-12-03,20171203,2017,Q4,12,December,2017-12,3,Sunday,48,True
2017-12-04,20171204,2017,Q4,12,December,2017-12,4,Monday,49,False
2017-12-05,20171205,2017,Q4,12,December,2017-12,5,Tuesday,49,False
2017-12-06,20171206,2017,Q4,12,December,2017-12,6,Wednesday,49,False
2017-12-07,20171207,2017,Q4,12,December,2017-12,7,Thursday,49,False
2017-12-08,20171208,2017,Q4,12,December,2017-12,8,Friday,49,False
2017-12-09,20171209,2017,Q4,12,December,2017-12,9,Saturday,49,True
2017-12-10,20171210,2017,Q4,12,December,2017-12,10,Sunday,49,True
2017-12-11,20171211,2017,Q4,12,December,2017-12,11,Monday,50,False
2017-12-12,20171212,2017,Q4,12,December,2017-12,12,Tuesday,50,False
2017-12-13,20171213,2017,Q4,12,December,2017-12,13,Wednesday,50,False
2017-12-14,20171214,2017,Q4,12,December,2017-12,14,Thursday,50,False
2017-12-15,20171215,2017,Q4,12,December,2017-12,15,Friday,50,False
2017-12-16,20171216,2017,Q4,12,December,2017-12,16,Saturday,50,True
2017-12-17,20171217,2017,Q4,12,December,2017-12,17,Sunday,50,True
2017-12-18,20171218,2017,Q4,12,December,2017-12,18,Monday,51,False
2017-12-19,20171219,2017,Q4,12,December,2017-12,19,Tuesday,51,False
2017-12-20,20171220,2017,Q4,12,December,2017-12,20,Wednesday,51,False
2017-12-21,20171221,2017,Q4,12,December,2017-12,21,Thursday,51,False
2017-12-22,20171222,2017,Q4,12,December,2017-12,22,Friday,51,False
2017-12-23,20171223,2017,Q4,12,December,2017-12,23,Saturday,51,True
2017-12-24,20171224,2017,Q4,12,December,2017-12,24,Sunday,51,True
2017-12-25,20171225,2017,Q4,12,December,2017-12,25,Monday,52,False
2017-12-26,20171226,2017,Q4,12,December,2017-12,26,Tuesday,52,False
2017-12-27,20171227,2017,Q4,12,December,2017-12,27,Wednesday,52,False
2017-12-28,20171228,2017,Q4,12,December,2017-12,28,Thursday,52,False
2017-12-29,20171229,2017,Q4,12,December,2017-12,29,Friday,52,False
2017-12-30,20171230,2017,Q4,12,December,2017-12,30,Saturday,52,True
2017-12-31,20171231,2017,Q4,12,December,2017-12,31,Sunday,52,True
2018-01-01,20180101,2018,Q1,1,January,2018-01,1,Monday,1,False
2018-01-02,20180102,2018,Q1,1,January,2018-01,2,Tuesday,1,False
2018-01-03,20180103,2018,Q1,1,January,2018-01,3,Wednesday,1,False
2018-01-04,20180104,2018,Q1,1,January,2018-01,4,Thursday,1,False
2018-01-05,20180105,2018,Q1,1,January,2018-01,5,Friday,1,False
2018-01-06,20180106,2018,Q1,1,January,2018-01,6,Saturday,1,True
2018-01-07,20180107,2018,Q1,1,January,2018-01,7,Sunday,1,True
2018-01-08,20180108,2018,Q1,1,January,2018-01,8,Monday,2,False
2018-01-09,20180109,2018,Q1,1,January,2018-01,9,Tuesday,2,False
2018-01-10,20180110,2018,Q1,1,January,2018-01,10,Wednesday,2,False
2018-01-11,20180111,2018,Q1,1,January,2018-01,11,Thursday,2,False
2018-01-12,20180112,2018,Q1,1,January,2018-01,12,Friday,2,False
2018-01-13,20180113,2018,Q1,1,January,2018-01,13,Saturday,2,True
2018-01-14,20180114,2018,Q1,1,January,2018-01,14,Sunday,2,True
2018-01-15,20180115,2018,Q1,1,January,2018-01,15,Monday,3,False
2018-01-16,20180116,2018,Q1,1,January,2018-01,16,Tuesday,3,False
2018-01-17,20180117,2018,Q1,1,January,2018-01,17,Wednesday,3,False
2018-01-18,20180118,2018,Q1,1,January,2018-01,18,Thursday,3,False
2018-01-19,20180119,2018,Q1,1,January,2018-01,19,Friday,3,False
2018-01-20,20180120,2018,Q1,1,January,2018-01,20,Saturday,3,True
2018-01-21,20180121,2018,Q1,1,January,2018-01,21,Sunday,3,True
2018-01-22,20180122,2018,Q1,1,January,2018-01,22,Monday,4,False
2018-01-23,20180123,2018,Q1,1,January,2018-01,23,Tuesday,4,False
2018-01-24,20180124,2018,Q1,1,January,2018-01,24,Wednesday,4,False
2018-01-25,20180125,2018,Q1,1,January,2018-01,25,Thursday,4,False
2018-01-26,20180126,2018,Q1,1,January,2018-01,26,Friday,4,False
2018-01-27,20180127,2018,Q1,1,January,2018-01,27,Saturday,4,True
2018-01-28,20180128,2018,Q1,1,January,2018-01,28,Sunday,4,True
2018-01-29,20180129,2018,Q1,1,January,2018-01,29,Monday,5,False
2018-01-30,20180130,2018,Q1,1,January,2018-01,30,Tuesday,5,False
2018-01-31,20180131,2018,Q1,1,January,2018-01,31,Wednesday,5,False
2018-02-01,20180201,2018,Q1,2,February,2018-02,1,Thursday,5,False
2018-02-02,20180202,2018,Q1,2,February,2018-02,2,Friday,5,False
2018-02-03,20180203,2018,Q1,2,February,2018-02,3,Saturday,5,True
2018-02-04,20180204,2018,Q1,2,February,2018-02,4,Sunday,5,True
2018-02-05,20180205,2018,Q1,2,February,2018-02,5,Monday,6,False
2018-02-06,20180206,2018,Q1,2,February,2018-02,6,Tuesday,6,False
2018-02-07,20180207,2018,Q1,2,February,2018-02,7,Wednesday,6,False
2018-02-08,20180208,2018,Q1,2,February,2018-02,8,Thursday,6,False
2018-02-09,20180209,2018,Q1,2,February,2018-02,9,Friday,6,False
2018-02-10,20180210,2018,Q1,2,February,2018-02,10,Saturday,6,True
2018-02-11,20180211,2018,Q1,2,February,2018-02,11,Sunday,6,True
2018-02-12,20180212,2018,Q1,2,February,2018-02,12,Monday,7,False
2018-02-13,20180213,2018,Q1,2,February,2018-02,13,Tuesday,7,False
2018-02-14,20180214,2018,Q1,2,February,2018-02,14,Wednesday,7,False
2018-02-15,20180215,2018,Q1,2,February,2018-02,15,Thursday,7,False
2018-02-16,20180216,2018,Q1,2,February,2018-02,16,Friday,7,False
2018-02-17,20180217,2018,Q1,2,February,2018-02,17,Saturday,7,True
2018-02-18,20180218,2018,Q1,2,February,2018-02,18,Sunday,7,True
2018-02-19,20180219,2018,Q1,2,February,2018-02,19,Monday,8,False
2018-02-20,20180220,2018,Q1,2,February,2018-02,20,Tuesday,8,False
2018-02-21,20180221,2018,Q1,2,February,2018-02,21,Wednesday,8,False
2018-02-22,20180222,2018,Q1,2,February,2018-02,22,Thursday,8,False
2018-02-23,20180223,2018,Q1,2,February,2018-02,23,Friday,8,False
2018-02-24,20180224,2018,Q1,2,February,2018-02,24,Saturday,8,True
2018-02-25,20180225,2018,Q1,2,February,2018-02,25,Sunday,8,True
2018-02-26,20180226,2018,Q1,2,February,2018-02,26,Monday,9,False
2018-02-27,20180227,2018,Q1,2,February,2018-02,27,Tuesday,9,False
2018-02-28,20180228,2018,Q1,2,February,2018-02,28,Wednesday,9,False
2018-03-01,20180301,2018,Q1,3,March,2018-03,1,Thursday,9,False
2018-03-02,20180302,2018,Q1,3,March,2018-03,2,Friday,9,False
2018-03-03,20180303,2018,Q1,3,March,2018-03,3,Saturday,9,True
2018-03-04,20180304,2018,Q1,3,March,2018-03,4,Sunday,9,True
2018-03-05,20180305,2018,Q1,3,March,2018-03,5,Monday,10,False
2018-03-06,20180306,2018,Q1,3,March,2018-03,6,Tuesday,10,False
2018-03-07,20180307,2018,Q1,3,March,2018-03,7,Wednesday,10,False
2018-03-08,20180308,2018,Q1,3,March,2018-03,8,Thursday,10,False
2018-03-09,20180309,2018,Q1,3,March,2018-03,9,Friday,10,False
2018-03-10,20180310,2018,Q1,3,March,2018-03,10,Saturday,10,True
2018-03-11,20180311,2018,Q1,3,March,2018-03,11,Sunday,10,True
2018-03-12,20180312,2018,Q1,3,March,2018-03,12,Monday,11,False
2018-03-13,20180313,2018,Q1,3,March,2018-03,13,Tuesday,11,False
2018-03-14,20180314,2018,Q1,3,March,2018-03,14,Wednesday,11,False
2018-03-15,20180315,2018,Q1,3,March,2018-03,15,Thursday,11,False
2018-03-16,20180316,2018,Q1,3,March,2018-03,16,Friday,11,False
2018-03-17,20180317,2018,Q1,3,March,2018-03,17,Saturday,11,True
2018-03-18,20180318,2018,Q1,3,March,2018-03,18,Sunday,11,True
2018-03-19,20180319,2018,Q1,3,March,2018-03,19,Monday,12,False
2018-03-20,20180320,2018,Q1,3,March,2018-03,20,Tuesday,12,False
2018-03-21,20180321,2018,Q1,3,March,2018-03,21,Wednesday,12,False
2018-03-22,20180322,2018,Q1,3,March,2018-03,22,Thursday,12,False
2018-03-23,20180323,2018,Q1,3,March,2018-03,23,Friday,12,False
2018-03-24,20180324,2018,Q1,3,March,2018-03,24,Saturday,12,True
2018-03-25,20180325,2018,Q1,3,March,2018-03,25,Sunday,12,True
2018-03-26,20180326,2018,Q1,3,March,2018-03,26,Monday,13,False
2018-03-27,20180327,2018,Q1,3,March,2018-03,27,Tuesday,13,False
2018-03-28,20180328,2018,Q1,3,March,2018-03,28,Wednesday,13,False
2018-03-29,20180329,2018,Q1,3,March,2018-03,29,Thursday,13,False
2018-03-30,20180330,2018,Q1,3,March,2018-03,30,Friday,13,False
2018-03-31,20180331,2018,Q1,3,March,2018-03,31,Saturday,13,True
2018-04-01,20180401,2018,Q2,4,April,2018-04,1,Sunday,13,True
2018-04-02,20180402,2018,Q2,4,April,2018-04,2,Monday,14,False
2018-04-03,20180403,2018,Q2,4,April,2018-04,3,Tuesday,14,False
2018-04-04,20180404,2018,Q2,4,April,2018-04,4,Wednesday,14,False
2018-04-05,20180405,2018,Q2,4,April,2018-04,5,Thursday,14,False
2018-04-06,20180406,2018,Q2,4,April,2018-04,6,Friday,14,False
2018-04-07,20180407,2018,Q2,4,April,2018-04,7,Saturday,14,True
2018-04-08,20180408,2018,Q2,4,April,2018-04,8,Sunday,14,True
2018-04-09,20180409,2018,Q2,4,April,2018-04,9,Monday,15,False
2018-04-10,20180410,2018,Q2,4,April,2018-04,10,Tuesday,15,False
2018-04-11,20180411,2018,Q2,4,April,2018-04,11,Wednesday,15,False
2018-04-12,20180412,2018,Q2,4,April,2018-04,12,Thursday,15,False
2018-04-13,20180413,2018,Q2,4,April,2018-04,13,Friday,15,False
2018-04-14,20180414,2018,Q2,4,April,2018-04,14,Saturday,15,True
2018-04-15,20180415,2018,Q2,4,April,2018-04,15,Sunday,15,True
2018-04-16,20180416,2018,Q2,4,April,2018-04,16,Monday,16,False
2018-04-17,20180417,2018,Q2,4,April,2018-04,17,Tuesday,16,False
2018-04-18,20180418,2018,Q2,4,April,2018-04,18,Wednesday,16,False
2018-04-19,20180419,2018,Q2,4,April,2018-04,19,Thursday,16,False
2018-04-20,20180420,2018,Q2,4,April,2018-04,20,Friday,16,False
2018-04-21,20180421,2018,Q2,4,April,2018-04,21,Saturday,16,True
2018-04-22,20180422,2018,Q2,4,April,2018-04,22,Sunday,16,True
2018-04-23,20180423,2018,Q2,4,April,2018-04,23,Monday,17,False
2018-04-24,20180424,2018,Q2,4,April,2018-04,24,Tuesday,17,False
2018-04-25,20180425,2018,Q2,4,April,2018-04,25,Wednesday,17,False
2018-04-26,20180426,2018,Q2,4,April,2018-04,26,Thursday,17,False
2018-04-27,20180427,2018,Q2,4,April,2018-04,27,Friday,17,False
2018-04-28,20180428,2018,Q2,4,April,2018-04,28,Saturday,17,True
2018-04-29,20180429,2018,Q2,4,April,2018-04,29,Sunday,17,True
2018-04-30,20180430,2018,Q2,4,April,2018-04,30,Monday,18,False
2018-05-01,20180501,2018,Q2,5,May,2018-05,1,Tuesday,18,False
2018-05-02,20180502,2018,Q2,5,May,2018-05,2,Wednesday,18,False
2018-05-03,20180503,2018,Q2,5,May,2018-05,3,Thursday,18,False
2018-05-04,20180504,2018,Q2,5,May,2018-05,4,Friday,18,False
2018-05-05,20180505,2018,Q2,5,May,2018-05,5,Saturday,18,True
2018-05-06,20180506,2018,Q2,5,May,2018-05,6,Sunday,18,True
2018-05-07,20180507,2018,Q2,5,May,2018-05,7,Monday,19,False
2018-05-08,20180508,2018,Q2,5,May,2018-05,8,Tuesday,19,False
2018-05-09,20180509,2018,Q2,5,May,2018-05,9,Wednesday,19,False
2018-05-10,20180510,2018,Q2,5,May,2018-05,10,Thursday,19,False
2018-05-11,20180511,2018,Q2,5,May,2018-05,11,Friday,19,False
2018-05-12,20180512,2018,Q2,5,May,2018-05,12,Saturday,19,True
2018-05-13,20180513,2018,Q2,5,May,2018-05,13,Sunday,19,True
2018-05-14,20180514,2018,Q2,5,May,2018-05,14,Monday,20,False
2018-05-15,20180515,2018,Q2,5,May,2018-05,15,Tuesday,20,False
2018-05-16,20180516,2018,Q2,5,May,2018-05,16,Wednesday,20,False
2018-05-17,20180517,2018,Q2,5,May,2018-05,17,Thursday,20,False
2018-05-18,20180518,2018,Q2,5,May,2018-05,18,Friday,20,False
2018-05-19,20180519,2018,Q2,5,May,2018-05,19,Saturday,20,True
2018-05-20,20180520,2018,Q2,5,May,2018-05,20,Sunday,20,True
2018-05-21,20180521,2018,Q2,5,May,2018-05,21,Monday,21,False
2018-05-22,20180522,2018,Q2,5,May,2018-05,22,Tuesday,21,False
2018-05-23,20180523,2018,Q2,5,May,2018-05,23,Wednesday,21,False
2018-05-24,20180524,2018,Q2,5,May,2018-05,24,Thursday,21,False
2018-05-25,20180525,2018,Q2,5,May,2018-05,25,Friday,21,False
2018-05-26,20180526,2018,Q2,5,May,2018-05,26,Saturday,21,True
2018-05-27,20180527,2018,Q2,5,May,2018-05,27,Sunday,21,True
2018-05-28,20180528,2018,Q2,5,May,2018-05,28,Monday,22,False
2018-05-29,20180529,2018,Q2,5,May,2018-05,29,Tuesday,22,False
2018-05-30,20180530,2018,Q2,5,May,2018-05,30,Wednesday,22,False
2018-05-31,20180531,2018,Q2,5,May,2018-05,31,Thursday,22,False
2018-06-01,20180601,2018,Q2,6,June,2018-06,1,Friday,22,False
2018-06-02,20180602,2018,Q2,6,June,2018-06,2,Saturday,22,True
2018-06-03,20180603,2018,Q2,6,June,2018-06,3,Sunday,22,True
2018-06-04,20180604,2018,Q2,6,June,2018-06,4,Monday,23,False
2018-06-05,20180605,2018,Q2,6,June,2018-06,5,Tuesday,23,False
2018-06-06,20180606,2018,Q2,6,June,2018-06,6,Wednesday,23,False
2018-06-07,20180607,2018,Q2,6,June,2018-06,7,Thursday,23,False
2018-06-08,20180608,2018,Q2,6,June,2018-06,8,Friday,23,False
2018-06-09,20180609,2018,Q2,6,June,2018-06,9,Saturday,23,True
2018-06-10,20180610,2018,Q2,6,June,2018-06,10,Sunday,23,True
2018-06-11,20180611,2018,Q2,6,June,2018-06,11,Monday,24,False
2018-06-12,20180612,2018,Q2,6,June,2018-06,12,Tuesday,24,False
2018-06-13,20180613,2018,Q2,6,June,2018-06,13,Wednesday,24,False
2018-06-14,20180614,2018,Q2,6,June,2018-06,14,Thursday,24,False
2018-06-15,20180615,2018,Q2,6,June,2018-06,15,Friday,24,False
2018-06-16,20180616,2018,Q2,6,June,2018-06,16,Saturday,24,True
2018-06-17,20180617,2018,Q2,6,June,2018-06,17,Sunday,24,True
2018-06-18,20180618,2018,Q2,6,June,2018-06,18,Monday,25,False
2018-06-19,20180619,2018,Q2,6,June,2018-06,19,Tuesday,25,False
2018-06-20,20180620,2018,Q2,6,June,2018-06,20,Wednesday,25,False
2018-06-21,20180621,2018,Q2,6,June,2018-06,21,Thursday,25,False
2018-06-22,20180622,2018,Q2,6,June,2018-06,22,Friday,25,False
2018-06-23,20180623,2018,Q2,6,June,2018-06,23,Saturday,25,True
2018-06-24,20180624,2018,Q2,6,June,2018-06,24,Sunday,25,True
2018-06-25,20180625,2018,Q2,6,June,2018-06,25,Monday,26,False
2018-06-26,20180626,2018,Q2,6,June,2018-06,26,Tuesday,26,False
2018-06-27,20180627,2018,Q2,6,June,2018-06,27,Wednesday,26,False
2018-06-28,20180628,2018,Q2,6,June,2018-06,28,Thursday,26,False
2018-06-29,20180629,2018,Q2,6,June,2018-06,29,Friday,26,False
2018-06-30,20180630,2018,Q2,6,June,2018-06,30,Saturday,26,True
2018-07-01,20180701,2018,Q3,7,July,2018-07,1,Sunday,26,True
2018-07-02,20180702,2018,Q3,7,July,2018-07,2,Monday,27,False
2018-07-03,20180703,2018,Q3,7,July,2018-07,3,Tuesday,27,False
2018-07-04,20180704,2018,Q3,7,July,2018-07,4,Wednesday,27,False
2018-07-05,20180705,2018,Q3,7,July,2018-07,5,Thursday,27,False
2018-07-06,20180706,2018,Q3,7,July,2018-07,6,Friday,27,False
2018-07-07,20180707,2018,Q3,7,July,2018-07,7,Saturday,27,True
2018-07-08,20180708,2018,Q3,7,July,2018-07,8,Sunday,27,True
2018-07-09,20180709,2018,Q3,7,July,2018-07,9,Monday,28,False
2018-07-10,20180710,2018,Q3,7,July,2018-07,10,Tuesday,28,False
2018-07-11,20180711,2018,Q3,7,July,2018-07,11,Wednesday,28,False
2018-07-12,20180712,2018,Q3,7,July,2018-07,12,Thursday,28,False
2018-07-13,20180713,2018,Q3,7,July,2018-07,13,Friday,28,False
2018-07-14,20180714,2018,Q3,7,July,2018-07,14,Saturday,28,True
2018-07-15,20180715,2018,Q3,7,July,2018-07,15,Sunday,28,True
2018-07-16,20180716,2018,Q3,7,July,2018-07,16,Monday,29,False
2018-07-17,20180717,2018,Q3,7,July,2018-07,17,Tuesday,29,False
2018-07-18,20180718,2018,Q3,7,July,2018-07,18,Wednesday,29,False
2018-07-19,20180719,2018,Q3,7,July,2018-07,19,Thursday,29,False
2018-07-20,20180720,2018,Q3,7,July,2018-07,20,Friday,29,False
2018-07-21,20180721,2018,Q3,7,July,2018-07,21,Saturday,29,True
2018-07-22,20180722,2018,Q3,7,July,2018-07,22,Sunday,29,True
2018-07-23,20180723,2018,Q3,7,July,2018-07,23,Monday,30,False
2018-07-24,20180724,2018,Q3,7,July,2018-07,24,Tuesday,30,False
2018-07-25,20180725,2018,Q3,7,July,2018-07,25,Wednesday,30,False
2018-07-26,20180726,2018,Q3,7,July,2018-07,26,Thursday,30,False
2018-07-27,20180727,2018,Q3,7,July,2018-07,27,Friday,30,False
2018-07-28,20180728,2018,Q3,7,July,2018-07,28,Saturday,30,True
2018-07-29,20180729,2018,Q3,7,July,2018-07,29,Sunday,30,True
2018-07-30,20180730,2018,Q3,7,July,2018-07,30,Monday,31,False
2018-07-31,20180731,2018,Q3,7,July,2018-07,31,Tuesday,31,False
2018-08-01,20180801,2018,Q3,8,August,2018-08,1,Wednesday,31,False
2018-08-02,20180802,2018,Q3,8,August,2018-08,2,Thursday,31,False
2018-08-03,20180803,2018,Q3,8,August,2018-08,3,Friday,31,False
2018-08-04,20180804,2018,Q3,8,August,2018-08,4,Saturday,31,True
2018-08-05,20180805,2018,Q3,8,August,2018-08,5,Sunday,31,True
2018-08-06,20180806,2018,Q3,8,August,2018-08,6,Monday,32,False
2018-08-07,20180807,2018,Q3,8,August,2018-08,7,Tuesday,32,False
2018-08-08,20180808,2018,Q3,8,August,2018-08,8,Wednesday,32,False
2018-08-09,20180809,2018,Q3,8,August,2018-08,9,Thursday,32,False
2018-08-10,20180810,2018,Q3,8,August,2018-08,10,Friday,32,False
2018-08-11,20180811,2018,Q3,8,August,2018-08,11,Saturday,32,True
2018-08-12,20180812,2018,Q3,8,August,2018-08,12,Sunday,32,True
2018-08-13,20180813,2018,Q3,8,August,2018-08,13,Monday,33,False
2018-08-14,20180814,2018,Q3,8,August,2018-08,14,Tuesday,33,False
2018-08-15,20180815,2018,Q3,8,August,2018-08,15,Wednesday,33,False
2018-08-16,20180816,2018,Q3,8,August,2018-08,16,Thursday,33,False
2018-08-17,20180817,2018,Q3,8,August,2018-08,17,Friday,33,False
2018-08-18,20180818,2018,Q3,8,August,2018-08,18,Saturday,33,True
2018-08-19,20180819,2018,Q3,8,August,2018-08,19,Sunday,33,True
2018-08-20,20180820,2018,Q3,8,August,2018-08,20,Monday,34,False
2018-08-21,20180821,2018,Q3,8,August,2018-08,21,Tuesday,34,False
2018-08-22,20180822,2018,Q3,8,August,2018-08,22,Wednesday,34,False
2018-08-23,20180823,2018,Q3,8,August,2018-08,23,Thursday,34,False
2018-08-24,20180824,2018,Q3,8,August,2018-08,24,Friday,34,False
2018-08-25,20180825,2018,Q3,8,August,2018-08,25,Saturday,34,True
2018-08-26,20180826,2018,Q3,8,August,2018-08,26,Sunday,34,True
2018-08-27,20180827,2018,Q3,8,August,2018-08,27,Monday,35,False
2018-08-28,20180828,2018,Q3,8,August,2018-08,28,Tuesday,35,False
2018-08-29,20180829,2018,Q3,8,August,2018-08,29,Wednesday,35,False
2018-08-30,20180830,2018,Q3,8,August,2018-08,30,Thursday,35,False
2018-08-31,20180831,2018,Q3,8,August,2018-08,31,Friday,35,False
2018-09-01,20180901,2018,Q3,9,September,2018-09,1,Saturday,35,True
2018-09-02,20180902,2018,Q3,9,September,2018-09,2,Sunday,35,True
2018-09-03,20180903,2018,Q3,9,September,2018-09,3,Monday,36,False
2018-09-04,20180904,2018,Q3,9,September,2018-09,4,Tuesday,36,False
2018-09-05,20180905,2018,Q3,9,September,2018-09,5,Wednesday,36,False
2018-09-06,20180906,2018,Q3,9,September,2018-09,6,Thursday,36,False
2018-09-07,20180907,2018,Q3,9,September,2018-09,7,Friday,36,False
2018-09-08,20180908,2018,Q3,9,September,2018-09,8,Saturday,36,True
2018-09-09,20180909,2018,Q3,9,September,2018-09,9,Sunday,36,True
2018-09-10,20180910,2018,Q3,9,September,2018-09,10,Monday,37,False
2018-09-11,20180911,2018,Q3,9,September,2018-09,11,Tuesday,37,False
2018-09-12,20180912,2018,Q3,9,September,2018-09,12,Wednesday,37,False
2018-09-13,20180913,2018,Q3,9,September,2018-09,13,Thursday,37,False
2018-09-14,20180914,2018,Q3,9,September,2018-09,14,Friday,37,False
2018-09-15,20180915,2018,Q3,9,September,2018-09,15,Saturday,37,True
2018-09-16,20180916,2018,Q3,9,September,2018-09,16,Sunday,37,True
2018-09-17,20180917,2018,Q3,9,September,2018-09,17,Monday,38,False
2018-09-18,20180918,2018,Q3,9,September,2018-09,18,Tuesday,38,False
2018-09-19,20180919,2018,Q3,9,September,2018-09,19,Wednesday,38,False
2018-09-20,20180920,2018,Q3,9,September,2018-09,20,Thursday,38,False
2018-09-21,20180921,2018,Q3,9,September,2018-09,21,Friday,38,False
2018-09-22,20180922,2018,Q3,9,September,2018-09,22,Saturday,38,True
2018-09-23,20180923,2018,Q3,9,September,2018-09,23,Sunday,38,True
2018-09-24,20180924,2018,Q3,9,September,2018-09,24,Monday,39,False
2018-09-25,20180925,2018,Q3,9,September,2018-09,25,Tuesday,39,False
2018-09-26,20180926,2018,Q3,9,September,2018-09,26,Wednesday,39,False
2018-09-27,20180927,2018,Q3,9,September,2018-09,27,Thursday,39,False
2018-09-28,20180928,2018,Q3,9,September,2018-09,28,Friday,39,False
2018-09-29,20180929,2018,Q3,9,September,2018-09,29,Saturday,39,True
2018-09-30,20180930,2018,Q3,9,September,2018-09,30,Sunday,39,True
2018-10-01,20181001,2018,Q4,10,October,2018-10,1,Monday,40,False
2018-10-02,20181002,2018,Q4,10,October,2018-10,2,Tuesday,40,False
2018-10-03,20181003,2018,Q4,10,October,2018-10,3,Wednesday,40,False
2018-10-04,20181004,2018,Q4,10,October,2018-10,4,Thursday,40,False
2018-10-05,20181005,2018,Q4,10,October,2018-10,5,Friday,40,False
2018-10-06,20181006,2018,Q4,10,October,2018-10,6,Saturday,40,True
2018-10-07,20181007,2018,Q4,10,October,2018-10,7,Sunday,40,True
2018-10-08,20181008,2018,Q4,10,October,2018-10,8,Monday,41,False
2018-10-09,20181009,2018,Q4,10,October,2018-10,9,Tuesday,41,False
2018-10-10,20181010,2018,Q4,10,October,2018-10,10,Wednesday,41,False
2018-10-11,20181011,2018,Q4,10,October,2018-10,11,Thursday,41,False
2018-10-12,20181012,2018,Q4,10,October,2018-10,12,Friday,41,False
2018-10-13,20181013,2018,Q4,10,October,2018-10,13,Saturday,41,True
2018-10-14,20181014,2018,Q4,10,October,2018-10,14,Sunday,41,True
2018-10-15,20181015,2018,Q4,10,October,2018-10,15,Monday,42,False
2018-10-16,20181016,2018,Q4,10,October,2018-10,16,Tuesday,42,False
2018-10-17,20181017,2018,Q4,10,October,2018-10,17,Wednesday,42,False
2018-10-18,20181018,2018,Q4,10,October,2018-10,18,Thursday,42,False
2018-10-19,20181019,2018,Q4,10,October,2018-10,19,Friday,42,False
2018-10-20,20181020,2018,Q4,10,October,2018-10,20,Saturday,42,True
2018-10-21,20181021,2018,Q4,10,October,2018-10,21,Sunday,42,True
2018-10-22,20181022,2018,Q4,10,October,2018-10,22,Monday,43,False
2018-10-23,20181023,2018,Q4,10,October,2018-10,23,Tuesday,43,False
2018-10-24,20181024,2018,Q4,10,October,2018-10,24,Wednesday,43,False
2018-10-25,20181025,2018,Q4,10,October,2018-10,25,Thursday,43,False
2018-10-26,20181026,2018,Q4,10,October,2018-10,26,Friday,43,False
2018-10-27,20181027,2018,Q4,10,October,2018-10,27,Saturday,43,True
2018-10-28,20181028,2018,Q4,10,October,2018-10,28,Sunday,43,True
2018-10-29,20181029,2018,Q4,10,October,2018-10,29,Monday,44,False
2018-10-30,20181030,2018,Q4,10,October,2018-10,30,Tuesday,44,False
2018-10-31,20181031,2018,Q4,10,October,2018-10,31,Wednesday,44,False
2018-11-01,20181101,2018,Q4,11,November,2018-11,1,Thursday,44,False
2018-11-02,20181102,2018,Q4,11,November,2018-11,2,Friday,44,False
2018-11-03,20181103,2018,Q4,11,November,2018-11,3,Saturday,44,True
2018-11-04,20181104,2018,Q4,11,November,2018-11,4,Sunday,44,True
2018-11-05,20181105,2018,Q4,11,November,2018-11,5,Monday,45,False
2018-11-06,20181106,2018,Q4,11,November,2018-11,6,Tuesday,45,False
2018-11-07,20181107,2018,Q4,11,November,2018-11,7,Wednesday,45,False
2018-11-08,20181108,2018,Q4,11,November,2018-11,8,Thursday,45,False
2018-11-09,20181109,2018,Q4,11,November,2018-11,9,Friday,45,False
2018-11-10,20181110,2018,Q4,11,November,2018-11,10,Saturday,45,True
2018-11-11,20181111,2018,Q4,11,November,2018-11,11,Sunday,45,True
2018-11-12,20181112,2018,Q4,11,November,2018-11,12,Monday,46,False
2018-11-13,20181113,2018,Q4,11,November,2018-11,13,Tuesday,46,False
2018-11-14,20181114,2018,Q4,11,November,2018-11,14,Wednesday,46,False
2018-11-15,20181115,2018,Q4,11,November,2018-11,15,Thursday,46,False
2018-11-16,20181116,2018,Q4,11,November,2018-11,16,Friday,46,False
2018-11-17,20181117,2018,Q4,11,November,2018-11,17,Saturday,46,True
2018-11-18,20181118,2018,Q4,11,November,2018-11,18,Sunday,46,True
2018-11-19,20181119,2018,Q4,11,November,2018-11,19,Monday,47,False
2018-11-20,20181120,2018,Q4,11,November,2018-11,20,Tuesday,47,False
2018-11-21,20181121,2018,Q4,11,November,2018-11,21,Wednesday,47,False
2018-11-22,20181122,2018,Q4,11,November,2018-11,22,Thursday,47,False
2018-11-23,20181123,2018,Q4,11,November,2018-11,23,Friday,47,False
2018-11-24,20181124,2018,Q4,11,November,2018-11,24,Saturday,47,True
2018-11-25,20181125,2018,Q4,11,November,2018-11,25,Sunday,47,True
2018-11-26,20181126,2018,Q4,11,November,2018-11,26,Monday,48,False
2018-11-27,20181127,2018,Q4,11,November,2018-11,27,Tuesday,48,False
2018-11-28,20181128,2018,Q4,11,November,2018-11,28,Wednesday,48,False
2018-11-29,20181129,2018,Q4,11,November,2018-11,29,Thursday,48,False
2018-11-30,20181130,2018,Q4,11,November,2018-11,30,Friday,48,False
2018-12-01,20181201,2018,Q4,12,December,2018-12,1,Saturday,48,True
2018-12-02,20181202,2018,Q4,12,December,2018-12,2,Sunday,48,True
2018-12-03,20181203,2018,Q4,12,December,2018-12,3,Monday,49,False
2018-12-04,20181204,2018,Q4,12,December,2018-12,4,Tuesday,49,False
2018-12-05,20181205,2018,Q4,12,December,2018-12,5,Wednesday,49,False
2018-12-06,20181206,2018,Q4,12,December,2018-12,6,Thursday,49,False
2018-12-07,20181207,2018,Q4,12,December,2018-12,7,Friday,49,False
2018-12-08,20181208,2018,Q4,12,December,2018-12,8,Saturday,49,True
2018-12-09,20181209,2018,Q4,12,December,2018-12,9,Sunday,49,True
2018-12-10,20181210,2018,Q4,12,December,2018-12,10,Monday,50,False
2018-12-11,20181211,2018,Q4,12,December,2018-12,11,Tuesday,50,False
2018-12-12,20181212,2018,Q4,12,December,2018-12,12,Wednesday,50,False
2018-12-13,20181213,2018,Q4,12,December,2018-12,13,Thursday,50,False
2018-12-14,20181214,2018,Q4,12,December,2018-12,14,Friday,50,False
2018-12-15,20181215,2018,Q4,12,December,2018-12,15,Saturday,50,True
2018-12-16,20181216,2018,Q4,12,December,2018-12,16,Sunday,50,True
2018-12-17,20181217,2018,Q4,12,December,2018-12,17,Monday,51,False
2018-12-18,20181218,2018,Q4,12,December,2018-12,18,Tuesday,51,False
2018-12-19,20181219,2018,Q4,12,December,2018-12,19,Wednesday,51,False
2018-12-20,20181220,2018,Q4,12,December,2018-12,20,Thursday,51,False
2018-12-21,20181221,2018,Q4,12,December,2018-12,21,Friday,51,False
2018-12-22,20181222,2018,Q4,12,December,2018-12,22,Saturday,51,True
2018-12-23,20181223,2018,Q4,12,December,2018-12,23,Sunday,51,True
2018-12-24,20181224,2018,Q4,12,December,2018-12,24,Monday,52,False
2018-12-25,20181225,2018,Q4,12,December,2018-12,25,Tuesday,52,False
2018-12-26,20181226,2018,Q4,12,December,2018-12,26,Wednesday,52,False
2018-12-27,20181227,2018,Q4,12,December,2018-12,27,Thursday,52,False
2018-12-28,20181228,2018,Q4,12,December,2018-12,28,Friday,52,False
2018-12-29,20181229,2018,Q4,12,December,2018-12,29,Saturday,52,True
2018-12-30,20181230,2018,Q4,12,December,2018-12,30,Sunday,52,True
2018-12-31,20181231,2018,Q4,12,December,2018-12,31,Monday,1,False
2019-01-01,20190101,2019,Q1,1,January,2019-01,1,Tuesday,1,False
2019-01-02,20190102,2019,Q1,1,January,2019-01,2,Wednesday,1,False
2019-01-03,20190103,2019,Q1,1,January,2019-01,3,Thursday,1,False
2019-01-04,20190104,2019,Q1,1,January,2019-01,4,Friday,1,False
2019-01-05,20190105,2019,Q1,1,January,2019-01,5,Saturday,1,True
2019-01-06,20190106,2019,Q1,1,January,2019-01,6,Sunday,1,True
2019-01-07,20190107,2019,Q1,1,January,2019-01,7,Monday,2,False
2019-01-08,20190108,2019,Q1,1,January,2019-01,8,Tuesday,2,False
2019-01-09,20190109,2019,Q1,1,January,2019-01,9,Wednesday,2,False
2019-01-10,20190110,2019,Q1,1,January,2019-01,10,Thursday,2,False
2019-01-11,20190111,2019,Q1,1,January,2019-01,11,Friday,2,False
2019-01-12,20190112,2019,Q1,1,January,2019-01,12,Saturday,2,True
2019-01-13,20190113,2019,Q1,1,January,2019-01,13,Sunday,2,True
2019-01-14,20190114,2019,Q1,1,January,2019-01,14,Monday,3,False
2019-01-15,20190115,2019,Q1,1,January,2019-01,15,Tuesday,3,False
2019-01-16,20190116,2019,Q1,1,January,2019-01,16,Wednesday,3,False
2019-01-17,20190117,2019,Q1,1,January,2019-01,17,Thursday,3,False
2019-01-18,20190118,2019,Q1,1,January,2019-01,18,Friday,3,False
2019-01-19,20190119,2019,Q1,1,January,2019-01,19,Saturday,3,True
2019-01-20,20190120,2019,Q1,1,January,2019-01,20,Sunday,3,True
2019-01-21,20190121,2019,Q1,1,January,2019-01,21,Monday,4,False
2019-01-22,20190122,2019,Q1,1,January,2019-01,22,Tuesday,4,False
2019-01-23,20190123,2019,Q1,1,January,2019-01,23,Wednesday,4,False
2019-01-24,20190124,2019,Q1,1,January,2019-01,24,Thursday,4,False
2019-01-25,20190125,2019,Q1,1,January,2019-01,25,Friday,4,False
2019-01-26,20190126,2019,Q1,1,January,2019-01,26,Saturday,4,True
2019-01-27,20190127,2019,Q1,1,January,2019-01,27,Sunday,4,True
2019-01-28,20190128,2019,Q1,1,January,2019-01,28,Monday,5,False
2019-01-29,20190129,2019,Q1,1,January,2019-01,29,Tuesday,5,False
2019-01-30,20190130,2019,Q1,1,January,2019-01,30,Wednesday,5,False
2019-01-31,20190131,2019,Q1,1,January,2019-01,31,Thursday,5,False
2019-02-01,20190201,2019,Q1,2,February,2019-02,1,Friday,5,False
2019-02-02,20190202,2019,Q1,2,February,2019-02,2,Saturday,5,True
2019-02-03,20190203,2019,Q1,2,February,2019-02,3,Sunday,5,True
2019-02-04,20190204,2019,Q1,2,February,2019-02,4,Monday,6,False
2019-02-05,20190205,2019,Q1,2,February,2019-02,5,Tuesday,6,False
2019-02-06,20190206,2019,Q1,2,February,2019-02,6,Wednesday,6,False
2019-02-07,20190207,2019,Q1,2,February,2019-02,7,Thursday,6,False
2019-02-08,20190208,2019,Q1,2,February,2019-02,8,Friday,6,False
2019-02-09,20190209,2019,Q1,2,February,2019-02,9,Saturday,6,True
2019-02-10,20190210,2019,Q1,2,February,2019-02,10,Sunday,6,True
2019-02-11,20190211,2019,Q1,2,February,2019-02,11,Monday,7,False
2019-02-12,20190212,2019,Q1,2,February,2019-02,12,Tuesday,7,False
2019-02-13,20190213,2019,Q1,2,February,2019-02,13,Wednesday,7,False
2019-02-14,20190214,2019,Q1,2,February,2019-02,14,Thursday,7,False
2019-02-15,20190215,2019,Q1,2,February,2019-02,15,Friday,7,False
2019-02-16,20190216,2019,Q1,2,February,2019-02,16,Saturday,7,True
2019-02-17,20190217,2019,Q1,2,February,2019-02,17,Sunday,7,True
2019-02-18,20190218,2019,Q1,2,February,2019-02,18,Monday,8,False
2019-02-19,20190219,2019,Q1,2,February,2019-02,19,Tuesday,8,False
2019-02-20,20190220,2019,Q1,2,February,2019-02,20,Wednesday,8,False
2019-02-21,20190221,2019,Q1,2,February,2019-02,21,Thursday,8,False
2019-02-22,20190222,2019,Q1,2,February,2019-02,22,Friday,8,False
2019-02-23,20190223,2019,Q1,2,February,2019-02,23,Saturday,8,True
2019-02-24,20190224,2019,Q1,2,February,2019-02,24,Sunday,8,True
2019-02-25,20190225,2019,Q1,2,February,2019-02,25,Monday,9,False
2019-02-26,20190226,2019,Q1,2,February,2019-02,26,Tuesday,9,False
2019-02-27,20190227,2019,Q1,2,February,2019-02,27,Wednesday,9,False
2019-02-28,20190228,2019,Q1,2,February,2019-02,28,Thursday,9,False
2019-03-01,20190301,2019,Q1,3,March,2019-03,1,Friday,9,False
2019-03-02,20190302,2019,Q1,3,March,2019-03,2,Saturday,9,True
2019-03-03,20190303,2019,Q1,3,March,2019-03,3,Sunday,9,True
2019-03-04,20190304,2019,Q1,3,March,2019-03,4,Monday,10,False
2019-03-05,20190305,2019,Q1,3,March,2019-03,5,Tuesday,10,False
2019-03-06,20190306,2019,Q1,3,March,2019-03,6,Wednesday,10,False
2019-03-07,20190307,2019,Q1,3,March,2019-03,7,Thursday,10,False
2019-03-08,20190308,2019,Q1,3,March,2019-03,8,Friday,10,False
2019-03-09,20190309,2019,Q1,3,March,2019-03,9,Saturday,10,True
2019-03-10,20190310,2019,Q1,3,March,2019-03,10,Sunday,10,True
2019-03-11,20190311,2019,Q1,3,March,2019-03,11,Monday,11,False
2019-03-12,20190312,2019,Q1,3,March,2019-03,12,Tuesday,11,False
2019-03-13,20190313,2019,Q1,3,March,2019-03,13,Wednesday,11,False
2019-03-14,20190314,2019,Q1,3,March,2019-03,14,Thursday,11,False
2019-03-15,20190315,2019,Q1,3,March,2019-03,15,Friday,11,False
2019-03-16,20190316,2019,Q1,3,March,2019-03,16,Saturday,11,True
2019-03-17,20190317,2019,Q1,3,March,2019-03,17,Sunday,11,True
2019-03-18,20190318,2019,Q1,3,March,2019-03,18,Monday,12,False
2019-03-19,20190319,2019,Q1,3,March,2019-03,19,Tuesday,12,False
2019-03-20,20190320,2019,Q1,3,March,2019-03,20,Wednesday,12,False
2019-03-21,20190321,2019,Q1,3,March,2019-03,21,Thursday,12,False
2019-03-22,20190322,2019,Q1,3,March,2019-03,22,Friday,12,False
2019-03-23,20190323,2019,Q1,3,March,2019-03,23,Saturday,12,True
2019-03-24,20190324,2019,Q1,3,March,2019-03,24,Sunday,12,True
2019-03-25,20190325,2019,Q1,3,March,2019-03,25,Monday,13,False
2019-03-26,20190326,2019,Q1,3,March,2019-03,26,Tuesday,13,False
2019-03-27,20190327,2019,Q1,3,March,2019-03,27,Wednesday,13,False
2019-03-28,20190328,2019,Q1,3,March,2019-03,28,Thursday,13,False
2019-03-29,20190329,2019,Q1,3,March,2019-03,29,Friday,13,False
2019-03-30,20190330,2019,Q1,3,March,2019-03,30,Saturday,13,True
2019-03-31,20190331,2019,Q1,3,March,2019-03,31,Sunday,13,True
2019-04-01,20190401,2019,Q2,4,April,2019-04,1,Monday,14,False
2019-04-02,20190402,2019,Q2,4,April,2019-04,2,Tuesday,14,False
2019-04-03,20190403,2019,Q2,4,April,2019-04,3,Wednesday,14,False
2019-04-04,20190404,2019,Q2,4,April,2019-04,4,Thursday,14,False
2019-04-05,20190405,2019,Q2,4,April,2019-04,5,Friday,14,False
2019-04-06,20190406,2019,Q2,4,April,2019-04,6,Saturday,14,True
2019-04-07,20190407,2019,Q2,4,April,2019-04,7,Sunday,14,True
2019-04-08,20190408,2019,Q2,4,April,2019-04,8,Monday,15,False
2019-04-09,20190409,2019,Q2,4,April,2019-04,9,Tuesday,15,False
2019-04-10,20190410,2019,Q2,4,April,2019-04,10,Wednesday,15,False
2019-04-11,20190411,2019,Q2,4,April,2019-04,11,Thursday,15,False
2019-04-12,20190412,2019,Q2,4,April,2019-04,12,Friday,15,False
2019-04-13,20190413,2019,Q2,4,April,2019-04,13,Saturday,15,True
2019-04-14,20190414,2019,Q2,4,April,2019-04,14,Sunday,15,True
2019-04-15,20190415,2019,Q2,4,April,2019-04,15,Monday,16,False
2019-04-16,20190416,2019,Q2,4,April,2019-04,16,Tuesday,16,False
2019-04-17,20190417,2019,Q2,4,April,2019-04,17,Wednesday,16,False
2019-04-18,20190418,2019,Q2,4,April,2019-04,18,Thursday,16,False
2019-04-19,20190419,2019,Q2,4,April,2019-04,19,Friday,16,False
2019-04-20,20190420,2019,Q2,4,April,2019-04,20,Saturday,16,True
2019-04-21,20190421,2019,Q2,4,April,2019-04,21,Sunday,16,True
2019-04-22,20190422,2019,Q2,4,April,2019-04,22,Monday,17,False
2019-04-23,20190423,2019,Q2,4,April,2019-04,23,Tuesday,17,False
2019-04-24,20190424,2019,Q2,4,April,2019-04,24,Wednesday,17,False
2019-04-25,20190425,2019,Q2,4,April,2019-04,25,Thursday,17,False
2019-04-26,20190426,2019,Q2,4,April,2019-04,26,Friday,17,False
2019-04-27,20190427,2019,Q2,4,April,2019-04,27,Saturday,17,True
2019-04-28,20190428,2019,Q2,4,April,2019-04,28,Sunday,17,True
2019-04-29,20190429,2019,Q2,4,April,2019-04,29,Monday,18,False
2019-04-30,20190430,2019,Q2,4,April,2019-04,30,Tuesday,18,False
2019-05-01,20190501,2019,Q2,5,May,2019-05,1,Wednesday,18,False
2019-05-02,20190502,2019,Q2,5,May,2019-05,2,Thursday,18,False
2019-05-03,20190503,2019,Q2,5,May,2019-05,3,Friday,18,False
2019-05-04,20190504,2019,Q2,5,May,2019-05,4,Saturday,18,True
2019-05-05,20190505,2019,Q2,5,May,2019-05,5,Sunday,18,True
2019-05-06,20190506,2019,Q2,5,May,2019-05,6,Monday,19,False
2019-05-07,20190507,2019,Q2,5,May,2019-05,7,Tuesday,19,False
2019-05-08,20190508,2019,Q2,5,May,2019-05,8,Wednesday,19,False
2019-05-09,20190509,2019,Q2,5,May,2019-05,9,Thursday,19,False
2019-05-10,20190510,2019,Q2,5,May,2019-05,10,Friday,19,False
2019-05-11,20190511,2019,Q2,5,May,2019-05,11,Saturday,19,True
2019-05-12,20190512,2019,Q2,5,May,2019-05,12,Sunday,19,True
2019-05-13,20190513,2019,Q2,5,May,2019-05,13,Monday,20,False
2019-05-14,20190514,2019,Q2,5,May,2019-05,14,Tuesday,20,False
2019-05-15,20190515,2019,Q2,5,May,2019-05,15,Wednesday,20,False
2019-05-16,20190516,2019,Q2,5,May,2019-05,16,Thursday,20,False
2019-05-17,20190517,2019,Q2,5,May,2019-05,17,Friday,20,False
2019-05-18,20190518,2019,Q2,5,May,2019-05,18,Saturday,20,True
2019-05-19,20190519,2019,Q2,5,May,2019-05,19,Sunday,20,True
2019-05-20,20190520,2019,Q2,5,May,2019-05,20,Monday,21,False
2019-05-21,20190521,2019,Q2,5,May,2019-05,21,Tuesday,21,False
2019-05-22,20190522,2019,Q2,5,May,2019-05,22,Wednesday,21,False
2019-05-23,20190523,2019,Q2,5,May,2019-05,23,Thursday,21,False
2019-05-24,20190524,2019,Q2,5,May,2019-05,24,Friday,21,False
2019-05-25,20190525,2019,Q2,5,May,2019-05,25,Saturday,21,True
2019-05-26,20190526,2019,Q2,5,May,2019-05,26,Sunday,21,True
2019-05-27,20190527,2019,Q2,5,May,2019-05,27,Monday,22,False
2019-05-28,20190528,2019,Q2,5,May,2019-05,28,Tuesday,22,False
2019-05-29,20190529,2019,Q2,5,May,2019-05,29,Wednesday,22,False
2019-05-30,20190530,2019,Q2,5,May,2019-05,30,Thursday,22,False
2019-05-31,20190531,2019,Q2,5,May,2019-05,31,Friday,22,False
2019-06-01,20190601,2019,Q2,6,June,2019-06,1,Saturday,22,True
2019-06-02,20190602,2019,Q2,6,June,2019-06,2,Sunday,22,True
2019-06-03,20190603,2019,Q2,6,June,2019-06,3,Monday,23,False
2019-06-04,20190604,2019,Q2,6,June,2019-06,4,Tuesday,23,False
2019-06-05,20190605,2019,Q2,6,June,2019-06,5,Wednesday,23,False
2019-06-06,20190606,2019,Q2,6,June,2019-06,6,Thursday,23,False
2019-06-07,20190607,2019,Q2,6,June,2019-06,7,Friday,23,False
2019-06-08,20190608,2019,Q2,6,June,2019-06,8,Saturday,23,True
2019-06-09,20190609,2019,Q2,6,June,2019-06,9,Sunday,23,True
2019-06-10,20190610,2019,Q2,6,June,2019-06,10,Monday,24,False
2019-06-11,20190611,2019,Q2,6,June,2019-06,11,Tuesday,24,False
2019-06-12,20190612,2019,Q2,6,June,2019-06,12,Wednesday,24,False
2019-06-13,20190613,2019,Q2,6,June,2019-06,13,Thursday,24,False
2019-06-14,20190614,2019,Q2,6,June,2019-06,14,Friday,24,False
2019-06-15,20190615,2019,Q2,6,June,2019-06,15,Saturday,24,True
2019-06-16,20190616,2019,Q2,6,June,2019-06,16,Sunday,24,True
2019-06-17,20190617,2019,Q2,6,June,2019-06,17,Monday,25,False
2019-06-18,20190618,2019,Q2,6,June,2019-06,18,Tuesday,25,False
2019-06-19,20190619,2019,Q2,6,June,2019-06,19,Wednesday,25,False
2019-06-20,20190620,2019,Q2,6,June,2019-06,20,Thursday,25,False
2019-06-21,20190621,2019,Q2,6,June,2019-06,21,Friday,25,False
2019-06-22,20190622,2019,Q2,6,June,2019-06,22,Saturday,25,True
2019-06-23,20190623,2019,Q2,6,June,2019-06,23,Sunday,25,True
2019-06-24,20190624,2019,Q2,6,June,2019-06,24,Monday,26,False
2019-06-25,20190625,2019,Q2,6,June,2019-06,25,Tuesday,26,False
2019-06-26,20190626,2019,Q2,6,June,2019-06,26,Wednesday,26,False
2019-06-27,20190627,2019,Q2,6,June,2019-06,27,Thursday,26,False
2019-06-28,20190628,2019,Q2,6,June,2019-06,28,Friday,26,False
2019-06-29,20190629,2019,Q2,6,June,2019-06,29,Saturday,26,True
2019-06-30,20190630,2019,Q2,6,June,2019-06,30,Sunday,26,True
2019-07-01,20190701,2019,Q3,7,July,2019-07,1,Monday,27,False
2019-07-02,20190702,2019,Q3,7,July,2019-07,2,Tuesday,27,False
2019-07-03,20190703,2019,Q3,7,July,2019-07,3,Wednesday,27,False
2019-07-04,20190704,2019,Q3,7,July,2019-07,4,Thursday,27,False
2019-07-05,20190705,2019,Q3,7,July,2019-07,5,Friday,27,False
2019-07-06,20190706,2019,Q3,7,July,2019-07,6,Saturday,27,True
2019-07-07,20190707,2019,Q3,7,July,2019-07,7,Sunday,27,True
2019-07-08,20190708,2019,Q3,7,July,2019-07,8,Monday,28,False
2019-07-09,20190709,2019,Q3,7,July,2019-07,9,Tuesday,28,False
2019-07-10,20190710,2019,Q3,7,July,2019-07,10,Wednesday,28,False
2019-07-11,20190711,2019,Q3,7,July,2019-07,11,Thursday,28,False
2019-07-12,20190712,2019,Q3,7,July,2019-07,12,Friday,28,False
2019-07-13,20190713,2019,Q3,7,July,2019-07,13,Saturday,28,True
2019-07-14,20190714,2019,Q3,7,July,2019-07,14,Sunday,28,True
2019-07-15,20190715,2019,Q3,7,July,2019-07,15,Monday,29,False
2019-07-16,20190716,2019,Q3,7,July,2019-07,16,Tuesday,29,False
2019-07-17,20190717,2019,Q3,7,July,2019-07,17,Wednesday,29,False
2019-07-18,20190718,2019,Q3,7,July,2019-07,18,Thursday,29,False
2019-07-19,20190719,2019,Q3,7,July,2019-07,19,Friday,29,False
2019-07-20,20190720,2019,Q3,7,July,2019-07,20,Saturday,29,True
2019-07-21,20190721,2019,Q3,7,July,2019-07,21,Sunday,29,True
2019-07-22,20190722,2019,Q3,7,July,2019-07,22,Monday,30,False
2019-07-23,20190723,2019,Q3,7,July,2019-07,23,Tuesday,30,False
2019-07-24,20190724,2019,Q3,7,July,2019-07,24,Wednesday,30,False
2019-07-25,20190725,2019,Q3,7,July,2019-07,25,Thursday,30,False
2019-07-26,20190726,2019,Q3,7,July,2019-07,26,Friday,30,False
2019-07-27,20190727,2019,Q3,7,July,2019-07,27,Saturday,30,True
2019-07-28,20190728,2019,Q3,7,July,2019-07,28,Sunday,30,True
2019-07-29,20190729,2019,Q3,7,July,2019-07,29,Monday,31,False
2019-07-30,20190730,2019,Q3,7,July,2019-07,30,Tuesday,31,False
2019-07-31,20190731,2019,Q3,7,July,2019-07,31,Wednesday,31,False
2019-08-01,20190801,2019,Q3,8,August,2019-08,1,Thursday,31,False
2019-08-02,20190802,2019,Q3,8,August,2019-08,2,Friday,31,False
2019-08-03,20190803,2019,Q3,8,August,2019-08,3,Saturday,31,True
2019-08-04,20190804,2019,Q3,8,August,2019-08,4,Sunday,31,True
2019-08-05,20190805,2019,Q3,8,August,2019-08,5,Monday,32,False
2019-08-06,20190806,2019,Q3,8,August,2019-08,6,Tuesday,32,False
2019-08-07,20190807,2019,Q3,8,August,2019-08,7,Wednesday,32,False
2019-08-08,20190808,2019,Q3,8,August,2019-08,8,Thursday,32,False
2019-08-09,20190809,2019,Q3,8,August,2019-08,9,Friday,32,False
2019-08-10,20190810,2019,Q3,8,August,2019-08,10,Saturday,32,True
2019-08-11,20190811,2019,Q3,8,August,2019-08,11,Sunday,32,True
2019-08-12,20190812,2019,Q3,8,August,2019-08,12,Monday,33,False
2019-08-13,20190813,2019,Q3,8,August,2019-08,13,Tuesday,33,False
2019-08-14,20190814,2019,Q3,8,August,2019-08,14,Wednesday,33,False
2019-08-15,20190815,2019,Q3,8,August,2019-08,15,Thursday,33,False
2019-08-16,20190816,2019,Q3,8,August,2019-08,16,Friday,33,False
2019-08-17,20190817,2019,Q3,8,August,2019-08,17,Saturday,33,True
2019-08-18,20190818,2019,Q3,8,August,2019-08,18,Sunday,33,True
2019-08-19,20190819,2019,Q3,8,August,2019-08,19,Monday,34,False
2019-08-20,20190820,2019,Q3,8,August,2019-08,20,Tuesday,34,False
2019-08-21,20190821,2019,Q3,8,August,2019-08,21,Wednesday,34,False
2019-08-22,20190822,2019,Q3,8,August,2019-08,22,Thursday,34,False
2019-08-23,20190823,2019,Q3,8,August,2019-08,23,Friday,34,False
2019-08-24,20190824,2019,Q3,8,August,2019-08,24,Saturday,34,True
2019-08-25,20190825,2019,Q3,8,August,2019-08,25,Sunday,34,True
2019-08-26,20190826,2019,Q3,8,August,2019-08,26,Monday,35,False
2019-08-27,20190827,2019,Q3,8,August,2019-08,27,Tuesday,35,False
2019-08-28,20190828,2019,Q3,8,August,2019-08,28,Wednesday,35,False
2019-08-29,20190829,2019,Q3,8,August,2019-08,29,Thursday,35,False
2019-08-30,20190830,2019,Q3,8,August,2019-08,30,Friday,35,False
2019-08-31,20190831,2019,Q3,8,August,2019-08,31,Saturday,35,True
2019-09-01,20190901,2019,Q3,9,September,2019-09,1,Sunday,35,True
2019-09-02,20190902,2019,Q3,9,September,2019-09,2,Monday,36,False
2019-09-03,20190903,2019,Q3,9,September,2019-09,3,Tuesday,36,False
2019-09-04,20190904,2019,Q3,9,September,2019-09,4,Wednesday,36,False
2019-09-05,20190905,2019,Q3,9,September,2019-09,5,Thursday,36,False
2019-09-06,20190906,2019,Q3,9,September,2019-09,6,Friday,36,False
2019-09-07,20190907,2019,Q3,9,September,2019-09,7,Saturday,36,True
2019-09-08,20190908,2019,Q3,9,September,2019-09,8,Sunday,36,True
2019-09-09,20190909,2019,Q3,9,September,2019-09,9,Monday,37,False
2019-09-10,20190910,2019,Q3,9,September,2019-09,10,Tuesday,37,False
2019-09-11,20190911,2019,Q3,9,September,2019-09,11,Wednesday,37,False
2019-09-12,20190912,2019,Q3,9,September,2019-09,12,Thursday,37,False
2019-09-13,20190913,2019,Q3,9,September,2019-09,13,Friday,37,False
2019-09-14,20190914,2019,Q3,9,September,2019-09,14,Saturday,37,True
2019-09-15,20190915,2019,Q3,9,September,2019-09,15,Sunday,37,True
2019-09-16,20190916,2019,Q3,9,September,2019-09,16,Monday,38,False
2019-09-17,20190917,2019,Q3,9,September,2019-09,17,Tuesday,38,False
2019-09-18,20190918,2019,Q3,9,September,2019-09,18,Wednesday,38,False
2019-09-19,20190919,2019,Q3,9,September,2019-09,19,Thursday,38,False
2019-09-20,20190920,2019,Q3,9,September,2019-09,20,Friday,38,False
2019-09-21,20190921,2019,Q3,9,September,2019-09,21,Saturday,38,True
2019-09-22,20190922,2019,Q3,9,September,2019-09,22,Sunday,38,True
2019-09-23,20190923,2019,Q3,9,September,2019-09,23,Monday,39,False
2019-09-24,20190924,2019,Q3,9,September,2019-09,24,Tuesday,39,False
2019-09-25,20190925,2019,Q3,9,September,2019-09,25,Wednesday,39,False
2019-09-26,20190926,2019,Q3,9,September,2019-09,26,Thursday,39,False
2019-09-27,20190927,2019,Q3,9,September,2019-09,27,Friday,39,False
2019-09-28,20190928,2019,Q3,9,September,2019-09,28,Saturday,39,True
2019-09-29,20190929,2019,Q3,9,September,2019-09,29,Sunday,39,True
2019-09-30,20190930,2019,Q3,9,September,2019-09,30,Monday,40,False
2019-10-01,20191001,2019,Q4,10,October,2019-10,1,Tuesday,40,False
2019-10-02,20191002,2019,Q4,10,October,2019-10,2,Wednesday,40,False
2019-10-03,20191003,2019,Q4,10,October,2019-10,3,Thursday,40,False
2019-10-04,20191004,2019,Q4,10,October,2019-10,4,Friday,40,False
2019-10-05,20191005,2019,Q4,10,October,2019-10,5,Saturday,40,True
2019-10-06,20191006,2019,Q4,10,October,2019-10,6,Sunday,40,True
2019-10-07,20191007,2019,Q4,10,October,2019-10,7,Monday,41,False
2019-10-08,20191008,2019,Q4,10,October,2019-10,8,Tuesday,41,False
2019-10-09,20191009,2019,Q4,10,October,2019-10,9,Wednesday,41,False
2019-10-10,20191010,2019,Q4,10,October,2019-10,10,Thursday,41,False
2019-10-11,20191011,2019,Q4,10,October,2019-10,11,Friday,41,False
2019-10-12,20191012,2019,Q4,10,October,2019-10,12,Saturday,41,True
2019-10-13,20191013,2019,Q4,10,October,2019-10,13,Sunday,41,True
2019-10-14,20191014,2019,Q4,10,October,2019-10,14,Monday,42,False
2019-10-15,20191015,2019,Q4,10,October,2019-10,15,Tuesday,42,False
2019-10-16,20191016,2019,Q4,10,October,2019-10,16,Wednesday,42,False
2019-10-17,20191017,2019,Q4,10,October,2019-10,17,Thursday,42,False
2019-10-18,20191018,2019,Q4,10,October,2019-10,18,Friday,42,False
2019-10-19,20191019,2019,Q4,10,October,2019-10,19,Saturday,42,True
2019-10-20,20191020,2019,Q4,10,October,2019-10,20,Sunday,42,True
2019-10-21,20191021,2019,Q4,10,October,2019-10,21,Monday,43,False
2019-10-22,20191022,2019,Q4,10,October,2019-10,22,Tuesday,43,False
2019-10-23,20191023,2019,Q4,10,October,2019-10,23,Wednesday,43,False
2019-10-24,20191024,2019,Q4,10,October,2019-10,24,Thursday,43,False
2019-10-25,20191025,2019,Q4,10,October,2019-10,25,Friday,43,False
2019-10-26,20191026,2019,Q4,10,October,2019-10,26,Saturday,43,True
2019-10-27,20191027,2019,Q4,10,October,2019-10,27,Sunday,43,True
2019-10-28,20191028,2019,Q4,10,October,2019-10,28,Monday,44,False
2019-10-29,20191029,2019,Q4,10,October,2019-10,29,Tuesday,44,False
2019-10-30,20191030,2019,Q4,10,October,2019-10,30,Wednesday,44,False
2019-10-31,20191031,2019,Q4,10,October,2019-10,31,Thursday,44,False
2019-11-01,20191101,2019,Q4,11,November,2019-11,1,Friday,44,False
2019-11-02,20191102,2019,Q4,11,November,2019-11,2,Saturday,44,True
2019-11-03,20191103,2019,Q4,11,November,2019-11,3,Sunday,44,True
2019-11-04,20191104,2019,Q4,11,November,2019-11,4,Monday,45,False
2019-11-05,20191105,2019,Q4,11,November,2019-11,5,Tuesday,45,False
2019-11-06,20191106,2019,Q4,11,November,2019-11,6,Wednesday,45,False
2019-11-07,20191107,2019,Q4,11,November,2019-11,7,Thursday,45,False
2019-11-08,20191108,2019,Q4,11,November,2019-11,8,Friday,45,False
2019-11-09,20191109,2019,Q4,11,November,2019-11,9,Saturday,45,True
2019-11-10,20191110,2019,Q4,11,November,2019-11,10,Sunday,45,True
2019-11-11,20191111,2019,Q4,11,November,2019-11,11,Monday,46,False
2019-11-12,20191112,2019,Q4,11,November,2019-11,12,Tuesday,46,False
2019-11-13,20191113,2019,Q4,11,November,2019-11,13,Wednesday,46,False
2019-11-14,20191114,2019,Q4,11,November,2019-11,14,Thursday,46,False
2019-11-15,20191115,2019,Q4,11,November,2019-11,15,Friday,46,False
2019-11-16,20191116,2019,Q4,11,November,2019-11,16,Saturday,46,True
2019-11-17,20191117,2019,Q4,11,November,2019-11,17,Sunday,46,True
2019-11-18,20191118,2019,Q4,11,November,2019-11,18,Monday,47,False
2019-11-19,20191119,2019,Q4,11,November,2019-11,19,Tuesday,47,False
2019-11-20,20191120,2019,Q4,11,November,2019-11,20,Wednesday,47,False
2019-11-21,20191121,2019,Q4,11,November,2019-11,21,Thursday,47,False
2019-11-22,20191122,2019,Q4,11,November,2019-11,22,Friday,47,False
2019-11-23,20191123,2019,Q4,11,November,2019-11,23,Saturday,47,True
2019-11-24,20191124,2019,Q4,11,November,2019-11,24,Sunday,47,True
2019-11-25,20191125,2019,Q4,11,November,2019-11,25,Monday,48,False
2019-11-26,20191126,2019,Q4,11,November,2019-11,26,Tuesday,48,False
2019-11-27,20191127,2019,Q4,11,November,2019-11,27,Wednesday,48,False
2019-11-28,20191128,2019,Q4,11,November,2019-11,28,Thursday,48,False
2019-11-29,20191129,2019,Q4,11,November,2019-11,29,Friday,48,False
2019-11-30,20191130,2019,Q4,11,November,2019-11,30,Saturday,48,True
2019-12-01,20191201,2019,Q4,12,December,2019-12,1,Sunday,48,True
2019-12-02,20191202,2019,Q4,12,December,2019-12,2,Monday,49,False
2019-12-03,20191203,2019,Q4,12,December,2019-12,3,Tuesday,49,False
2019-12-04,20191204,2019,Q4,12,December,2019-12,4,Wednesday,49,False
2019-12-05,20191205,2019,Q4,12,December,2019-12,5,Thursday,49,False
2019-12-06,20191206,2019,Q4,12,December,2019-12,6,Friday,49,False
2019-12-07,20191207,2019,Q4,12,December,2019-12,7,Saturday,49,True
2019-12-08,20191208,2019,Q4,12,December,2019-12,8,Sunday,49,True
2019-12-09,20191209,2019,Q4,12,December,2019-12,9,Monday,50,False
2019-12-10,20191210,2019,Q4,12,December,2019-12,10,Tuesday,50,False
2019-12-11,20191211,2019,Q4,12,December,2019-12,11,Wednesday,50,False
2019-12-12,20191212,2019,Q4,12,December,2019-12,12,Thursday,50,False
2019-12-13,20191213,2019,Q4,12,December,2019-12,13,Friday,50,False
2019-12-14,20191214,2019,Q4,12,December,2019-12,14,Saturday,50,True
2019-12-15,20191215,2019,Q4,12,December,2019-12,15,Sunday,50,True
2019-12-16,20191216,2019,Q4,12,December,2019-12,16,Monday,51,False
2019-12-17,20191217,2019,Q4,12,December,2019-12,17,Tuesday,51,False
2019-12-18,20191218,2019,Q4,12,December,2019-12,18,Wednesday,51,False
2019-12-19,20191219,2019,Q4,12,December,2019-12,19,Thursday,51,False
2019-12-20,20191220,2019,Q4,12,December,2019-12,20,Friday,51,False
2019-12-21,20191221,2019,Q4,12,December,2019-12,21,Saturday,51,True
2019-12-22,20191222,2019,Q4,12,December,2019-12,22,Sunday,51,True
2019-12-23,20191223,2019,Q4,12,December,2019-12,23,Monday,52,False
2019-12-24,20191224,2019,Q4,12,December,2019-12,24,Tuesday,52,False
2019-12-25,20191225,2019,Q4,12,December,2019-12,25,Wednesday,52,False
2019-12-26,20191226,2019,Q4,12,December,2019-12,26,Thursday,52,False
2019-12-27,20191227,2019,Q4,12,December,2019-12,27,Friday,52,False
2019-12-28,20191228,2019,Q4,12,December,2019-12,28,Saturday,52,True
2019-12-29,20191229,2019,Q4,12,December,2019-12,29,Sunday,52,True
2019-12-30,20191230,2019,Q4,12,December,2019-12,30,Monday,1,False
2019-12-31,20191231,2019,Q4,12,December,2019-12,31,Tuesday,1,False
2020-01-01,20200101,2020,Q1,1,January,2020-01,1,Wednesday,1,False
2020-01-02,20200102,2020,Q1,1,January,2020-01,2,Thursday,1,False
2020-01-03,20200103,2020,Q1,1,January,2020-01,3,Friday,1,False
2020-01-04,20200104,2020,Q1,1,January,2020-01,4,Saturday,1,True
2020-01-05,20200105,2020,Q1,1,January,2020-01,5,Sunday,1,True
2020-01-06,20200106,2020,Q1,1,January,2020-01,6,Monday,2,False
2020-01-07,20200107,2020,Q1,1,January,2020-01,7,Tuesday,2,False
2020-01-08,20200108,2020,Q1,1,January,2020-01,8,Wednesday,2,False
2020-01-09,20200109,2020,Q1,1,January,2020-01,9,Thursday,2,False
2020-01-10,20200110,2020,Q1,1,January,2020-01,10,Friday,2,False
2020-01-11,20200111,2020,Q1,1,January,2020-01,11,Saturday,2,True
2020-01-12,20200112,2020,Q1,1,January,2020-01,12,Sunday,2,True
2020-01-13,20200113,2020,Q1,1,January,2020-01,13,Monday,3,False
2020-01-14,20200114,2020,Q1,1,January,2020-01,14,Tuesday,3,False
2020-01-15,20200115,2020,Q1,1,January,2020-01,15,Wednesday,3,False
2020-01-16,20200116,2020,Q1,1,January,2020-01,16,Thursday,3,False
2020-01-17,20200117,2020,Q1,1,January,2020-01,17,Friday,3,False
2020-01-18,20200118,2020,Q1,1,January,2020-01,18,Saturday,3,True
2020-01-19,20200119,2020,Q1,1,January,2020-01,19,Sunday,3,True
2020-01-20,20200120,2020,Q1,1,January,2020-01,20,Monday,4,False
2020-01-21,20200121,2020,Q1,1,January,2020-01,21,Tuesday,4,False
2020-01-22,20200122,2020,Q1,1,January,2020-01,22,Wednesday,4,False
2020-01-23,20200123,2020,Q1,1,January,2020-01,23,Thursday,4,False
2020-01-24,20200124,2020,Q1,1,January,2020-01,24,Friday,4,False
2020-01-25,20200125,2020,Q1,1,January,2020-01,25,Saturday,4,True
2020-01-26,20200126,2020,Q1,1,January,2020-01,26,Sunday,4,True
2020-01-27,20200127,2020,Q1,1,January,2020-01,27,Monday,5,False
2020-01-28,20200128,2020,Q1,1,January,2020-01,28,Tuesday,5,False
2020-01-29,20200129,2020,Q1,1,January,2020-01,29,Wednesday,5,False
2020-01-30,20200130,2020,Q1,1,January,2020-01,30,Thursday,5,False
2020-01-31,20200131,2020,Q1,1,January,2020-01,31,Friday,5,False
2020-02-01,20200201,2020,Q1,2,February,2020-02,1,Saturday,5,True
2020-02-02,20200202,2020,Q1,2,February,2020-02,2,Sunday,5,True
2020-02-03,20200203,2020,Q1,2,February,2020-02,3,Monday,6,False
2020-02-04,20200204,2020,Q1,2,February,2020-02,4,Tuesday,6,False
2020-02-05,20200205,2020,Q1,2,February,2020-02,5,Wednesday,6,False
2020-02-06,20200206,2020,Q1,2,February,2020-02,6,Thursday,6,False
2020-02-07,20200207,2020,Q1,2,February,2020-02,7,Friday,6,False
2020-02-08,20200208,2020,Q1,2,February,2020-02,8,Saturday,6,True
2020-02-09,20200209,2020,Q1,2,February,2020-02,9,Sunday,6,True
2020-02-10,20200210,2020,Q1,2,February,2020-02,10,Monday,7,False
2020-02-11,20200211,2020,Q1,2,February,2020-02,11,Tuesday,7,False
2020-02-12,20200212,2020,Q1,2,February,2020-02,12,Wednesday,7,False
2020-02-13,20200213,2020,Q1,2,February,2020-02,13,Thursday,7,False
2020-02-14,20200214,2020,Q1,2,February,2020-02,14,Friday,7,False
2020-02-15,20200215,2020,Q1,2,February,2020-02,15,Saturday,7,True
2020-02-16,20200216,2020,Q1,2,February,2020-02,16,Sunday,7,True
2020-02-17,20200217,2020,Q1,2,February,2020-02,17,Monday,8,False
2020-02-18,20200218,2020,Q1,2,February,2020-02,18,Tuesday,8,False
2020-02-19,20200219,2020,Q1,2,February,2020-02,19,Wednesday,8,False
2020-02-20,20200220,2020,Q1,2,February,2020-02,20,Thursday,8,False
2020-02-21,20200221,2020,Q1,2,February,2020-02,21,Friday,8,False
2020-02-22,20200222,2020,Q1,2,February,2020-02,22,Saturday,8,True
2020-02-23,20200223,2020,Q1,2,February,2020-02,23,Sunday,8,True
2020-02-24,20200224,2020,Q1,2,February,2020-02,24,Monday,9,False
2020-02-25,20200225,2020,Q1,2,February,2020-02,25,Tuesday,9,False
2020-02-26,20200226,2020,Q1,2,February,2020-02,26,Wednesday,9,False
2020-02-27,20200227,2020,Q1,2,February,2020-02,27,Thursday,9,False
2020-02-28,20200228,2020,Q1,2,February,2020-02,28,Friday,9,False
2020-02-29,20200229,2020,Q1,2,February,2020-02,29,Saturday,9,True
2020-03-01,20200301,2020,Q1,3,March,2020-03,1,Sunday,9,True
2020-03-02,20200302,2020,Q1,3,March,2020-03,2,Monday,10,False
2020-03-03,20200303,2020,Q1,3,March,2020-03,3,Tuesday,10,False
2020-03-04,20200304,2020,Q1,3,March,2020-03,4,Wednesday,10,False
2020-03-05,20200305,2020,Q1,3,March,2020-03,5,Thursday,10,False
2020-03-06,20200306,2020,Q1,3,March,2020-03,6,Friday,10,False
2020-03-07,20200307,2020,Q1,3,March,2020-03,7,Saturday,10,True
2020-03-08,20200308,2020,Q1,3,March,2020-03,8,Sunday,10,True
2020-03-09,20200309,2020,Q1,3,March,2020-03,9,Monday,11,False
2020-03-10,20200310,2020,Q1,3,March,2020-03,10,Tuesday,11,False
2020-03-11,20200311,2020,Q1,3,March,2020-03,11,Wednesday,11,False
2020-03-12,20200312,2020,Q1,3,March,2020-03,12,Thursday,11,False
2020-03-13,20200313,2020,Q1,3,March,2020-03,13,Friday,11,False
2020-03-14,20200314,2020,Q1,3,March,2020-03,14,Saturday,11,True
2020-03-15,20200315,2020,Q1,3,March,2020-03,15,Sunday,11,True
2020-03-16,20200316,2020,Q1,3,March,2020-03,16,Monday,12,False
2020-03-17,20200317,2020,Q1,3,March,2020-03,17,Tuesday,12,False
2020-03-18,20200318,2020,Q1,3,March,2020-03,18,Wednesday,12,False
2020-03-19,20200319,2020,Q1,3,March,2020-03,19,Thursday,12,False
2020-03-20,20200320,2020,Q1,3,March,2020-03,20,Friday,12,False
2020-03-21,20200321,2020,Q1,3,March,2020-03,21,Saturday,12,True
2020-03-22,20200322,2020,Q1,3,March,2020-03,22,Sunday,12,True
2020-03-23,20200323,2020,Q1,3,March,2020-03,23,Monday,13,False
2020-03-24,20200324,2020,Q1,3,March,2020-03,24,Tuesday,13,False
2020-03-25,20200325,2020,Q1,3,March,2020-03,25,Wednesday,13,False
2020-03-26,20200326,2020,Q1,3,March,2020-03,26,Thursday,13,False
2020-03-27,20200327,2020,Q1,3,March,2020-03,27,Friday,13,False
2020-03-28,20200328,2020,Q1,3,March,2020-03,28,Saturday,13,True
2020-03-29,20200329,2020,Q1,3,March,2020-03,29,Sunday,13,True
2020-03-30,20200330,2020,Q1,3,March,2020-03,30,Monday,14,False
2020-03-31,20200331,2020,Q1,3,March,2020-03,31,Tuesday,14,False
2020-04-01,20200401,2020,Q2,4,April,2020-04,1,Wednesday,14,False
2020-04-02,20200402,2020,Q2,4,April,2020-04,2,Thursday,14,False
2020-04-03,20200403,2020,Q2,4,April,2020-04,3,Friday,14,False
2020-04-04,20200404,2020,Q2,4,April,2020-04,4,Saturday,14,True
2020-04-05,20200405,2020,Q2,4,April,2020-04,5,Sunday,14,True
2020-04-06,20200406,2020,Q2,4,April,2020-04,6,Monday,15,False
2020-04-07,20200407,2020,Q2,4,April,2020-04,7,Tuesday,15,False
2020-04-08,20200408,2020,Q2,4,April,2020-04,8,Wednesday,15,False
2020-04-09,20200409,2020,Q2,4,April,2020-04,9,Thursday,15,False
